Identifiant;Numéro de parc;Immatriculation;Marque;Modèle;Version;Dénomination commerciale;Type;Propriété de Rennes Métropole;Longueur;Places assises;Places debout;Places totales;Mise en circulation;Equipé avec le SAEIV;Ecrans;Autonomie;Places UFR;Girouettes (type);Girouettes (nombres);Caméras;Valideurs;Norme Euro;Antipollution;Pneus (type);Pneus (dimension);Boîte de vitesses;Moteur;Pont;Vitrerie;Portes (nombre);Portes (type avant);Portes (type milieu et arrière);Dépôt (code);Transporteur (code)
1001;1001;;MERCEDES;CITARO STD;;CITARO STD;Standard;false;12;0;0;0;;true;2;;2;Leds;3;3;3;;;;;;;;;2;;;CHANTEPI;KARM
1010;1010;;MERCEDES;CITARO STD;;CITARO STD;Standard;false;12;0;0;0;;true;2;;2;Leds;3;3;3;;;;;;;;;2;;;CHANTEPI;KARM
1014;1014;;MERCEDES;CITARO STD;;CITARO STD;Standard;false;12;0;0;0;;true;2;;2;Leds;3;3;3;;;;;;;;;2;;;CHANTEPI;KARM
1050;1050;;MERCEDES;CITARO ART;;CITARO ART;Articulé;false;18;0;0;0;;true;3;;2;Leds;3;4;3;;;;;;;;;3;;;CHARTRES;LINE
1058;1058;;MERCEDES;CITARO ART;;CITARO ART;Articulé;false;18;0;0;0;;true;3;;2;Leds;3;4;3;;;;;;;;;3;;;CHANTEPI;TIV
1060;1060;;MERCEDES;CITARO ART;;CITARO ART;Articulé;false;18;0;0;0;;true;3;;2;Leds;3;4;3;;;;;;;;;3;;;CHANTEPI;TIV
1062;1062;;MERCEDES;CITARO ART;;CITARO ART;Articulé;false;18;0;0;0;;true;3;;2;Leds;3;4;3;;;;;;;;;3;;;STJACQUE;JOLL
1065;1065;;MERCEDES;CITARO ART;;CITARO ART;Articulé;false;18;0;0;0;;true;3;;2;Leds;3;4;3;;;;;;;;;3;;;CHANTEPI;KARM
1067;1067;;MERCEDES;CITARO ART;;CITARO ART;Articulé;false;18;0;0;0;;true;3;;2;Leds;3;4;3;;;;;;;;;3;;;CHARTRES;LINE
1071;1071;;MERCEDES;CITARO ART;;CITARO ART;Articulé;false;18;0;0;0;;true;3;;2;Leds;3;4;3;;;;;;;;;3;;;CHANTEPI;TIV
2006;2006;;SETRA;416NF 13M;;416NF 13M;;false;0;;;;2009-06-17;true;2;;2;Leds;3;3;3;;;;;;;;;2;;;MONTGERM;KARM
2012;2012;;SETRA;416NF 13M;;416NF 13M;;false;0;;;;2009-06-17;true;2;;2;Leds;3;3;3;;;;;;;;;2;;;MONTGERM;KARM
2017;2017;;SETRA;416NF 13M;;416NF 13M;;false;0;;;;2008-08-25;true;2;;2;Leds;3;3;3;;;;;;;;;2;;;CHANTEPI;KARM
2019;2019;;SETRA;416NF 13M;;416NF 13M;;false;0;;;;2008-08-25;true;2;;2;Leds;3;3;3;;;;;;;;;2;;;MONTGERM;KARM
2027;2027;;IVECO;URBANWAY;;URBANWAY;;false;0;0;0;0;2022-10-20;true;2;;1;Leds;3;3;3;;;;;;;;;2;;;CHANTEPI;KARM
2032;2032;;SETRA;315NF STD;;315NF STD;;false;0;;;;2001-10-04;true;2;;1;Pastilles;3;3;3;;;;;;;;;2;;;CHANTEPI;KARM
2035;2035;;MERCEDES;CITARO STD;;CITARO STD;;false;0;0;0;0;2016-09-09;true;2;;2;;3;3;2;EURO 6;;;;;;;;3;;;CHANTEPI;KARM
2037;2037;;MERCEDES;CITARO STD;;CITARO STD;;false;0;0;0;0;2016-09-09;true;2;;2;;3;3;2;EURO 6;;;;;;;;2;;;MONTGERM;KARM
2038;2038;;MERCEDES;CITARO STD;;CITARO STD;;false;0;0;0;0;2015-07-23;true;2;;2;Leds;;3;3;EURO 6;;;;;;;;2;;;CHANTEPI;KARM
2040;2040;;MERCEDES;CITARO STD;WEB62803310605766;CITARO STD;;false;0;0;0;0;2014-12-09;true;2;;2;Leds;3;3;3;;;;;;;;;3;;;CHANTEPI;KARM
2047;2047;;MERCEDES;CITARO STD;;CITARO STD;;false;0;0;0;0;2014-12-09;true;2;;2;Leds;;3;3;;;;;;;;;3;;;MONTGERM;KARM
2058;2058;;MERCEDES;CITARO STD;;CITARO STD;;false;0;0;0;0;2013-07-26;true;2;;2;LEDS;3;3;3;;;;;;;;;2;;;MONTGERM;KARM
2067;2067;;MERCEDES;CITARO ART;;CITARO ART;;false;0;0;0;0;2014-02-27;true;3;;2;Leds;;4;3;;;;;;;;;3;;;CHANTEPI;KARM
2069;2069;;MERCEDES;CITARO ART;;CITARO ART;;false;0;0;0;0;2014-02-27;true;3;;2;Leds;;4;3;;;;;;;;;3;;;CHANTEPI;KARM
2070;2070;;MERCEDES;CITARO ART;;CITARO ART;;false;0;0;0;0;2014-10-07;true;3;;2;Leds;;3;3;;;;;;;;;3;;;CHANTEPI;KARM
2078;2078;;MERCEDES;CITARO ART;;CITARO ART;;false;0;0;0;0;2018-07-17;true;3;;2;Leds;4;4;3;EURO 6;;;;;;;;3;;;CHANTEPI;KARM
220;220;;MERCEDES;CITARO STD;530090926;CITARO STD;Standard;true;12;23;66;89;2008-05-05;true;2;613;2;Leds;3;3;3;EURO 5;ADBLUE;1K;275/70 R22.5;ZF 6HP502 C;OM 926LA / Euro 5;ZF AV 132;Vénus gris;3;Pneumatique;Coulissante électrique;RENNES;KREN
223;223;;MERCEDES;CITARO STD;530090926;CITARO STD;Standard;true;12;23;66;89;2008-05-05;true;2;613;2;Leds;3;3;3;EURO 5;ADBLUE;1K;275/70 R22.5;ZF 6HP502 C;OM 926LA / Euro 5;ZF AV 132;Vénus gris;3;Pneumatique;Coulissante électrique;RENNES;KREN
224;224;;MERCEDES;CITARO STD;530090926;CITARO STD;Standard;true;12;23;66;89;2008-05-05;true;2;613;2;Leds;3;3;3;EURO 5;ADBLUE;1K;275/70 R22.5;ZF 6HP502 C;OM 926LA / Euro 5;ZF AV 132;Vénus gris;3;Pneumatique;Coulissante électrique;RENNES;KREN
225;225;;MERCEDES;CITARO STD;530090926;CITARO STD;Standard;true;12;23;66;89;2008-05-05;true;2;613;2;Leds;3;3;3;EURO 5;ADBLUE;1K;275/70 R22.5;ZF 6HP502 C;OM 926LA / Euro 5;ZF AV 132;Vénus gris;3;Pneumatique;Coulissante électrique;RENNES;KREN
227;227;;MERCEDES;CITARO STD;530090926;CITARO STD;Standard;true;12;23;66;89;2008-05-05;true;2;613;2;Leds;3;3;3;EURO 5;ADBLUE;1K;275/70 R22.5;ZF 6HP502 C;OM 926LA / Euro 5;ZF AV 132;Vénus gris;3;Pneumatique;Coulissante électrique;RENNES;KREN
228;228;;MERCEDES;CITARO STD;530090926;CITARO STD;Standard;true;12;23;66;89;2008-05-05;true;2;613;2;Leds;3;3;3;EURO 5;ADBLUE;1K;275/70 R22.5;ZF 6HP502 C;OM 926LA / Euro 5;ZF AV 132;Vénus gris;3;Pneumatique;Coulissante électrique;RENNES;KREN
235;235;;MERCEDES;CITARO STD;530090926;CITARO STD;Standard;true;12;23;66;89;2009-03-18;true;2;613;2;Leds;3;3;3;EURO 5;ADBLUE;1K;275/70 R22.5;ZF 6HP502 C;OM 926LA / Euro 5;ZF AV 132;Vénus gris;3;Pneumatique;Coulissante électrique;RENNES;KREN
236;236;;MERCEDES;CITARO STD;530090926;CITARO STD;Standard;true;12;23;66;89;2009-03-18;true;2;613;2;Leds;3;3;3;EURO 5;ADBLUE;1K;275/70 R22.5;ZF 6HP502 C;OM 926LA / Euro 5;ZF AV 132;Vénus gris;3;Pneumatique;Coulissante électrique;RENNES;KREN
239;239;;MERCEDES;CITARO STD;530090926;CITARO STD;Standard;true;12;23;66;89;2010-04-13;true;2;613;2;Leds;3;3;3;EURO 5;ADBLUE;1K;275/70 R22.5;VOITH DIWA5 T2R0 / OM92;OM 926LA / Euro 5;ZF AV 132;Vénus gris;3;Pneumatique;Coulissante électrique;MIVOIE;KREN
242;242;;MERCEDES;CITARO STD;530090926;CITARO STD;Standard;true;12;23;66;89;2010-04-13;true;2;613;2;Leds;3;3;3;EURO 5;ADBLUE;1K;275/70 R22.5;VOITH DIWA5 T2R0 / OM92;OM 926LA / Euro 5;ZF AV 132;Vénus gris;3;Pneumatique;Coulissante électrique;MIVOIE;KREN
245;245;;MERCEDES;CITARO STD;62802AACEHBGXP3H330224402J900;CITARO STD;Standard;true;12;45;66;111;2012-01-13;true;2;610;2;Leds;3;3;3;EURO 5;ADBLUE;1K;275/70 R22.5;VOITH DIWA5 T2R0 / OM92;OM 926LA / Euro 5;ZF AV 132;Vénus gris;3;pneumatique;coulissante électrique;MIVOIE;KREN
250;250;;MERCEDES;CITARO STD;62802HR1EMDCAWAA1P000G21A32340200000000;CITARO STD;;false;0;44;0;44;2019-08-06;true;2;;2;;3;3;3;EURO 6;ADBLUE;;;;;;;3;;;CHANTEPI;KARM
2509;2509;;IVECO;CROSSWAY;;CROSSWAY;;false;0;0;0;0;2020-01-01;false;;;;;;;;;;;;;;;;;;;CHANTEPI;KARM
2510;2510;;IVECO;CROSSWAY;;CROSSWAY;;false;0;0;0;0;2024-08-28;false;;;;;;;;;;;;;;;;;;;MONTGERM;KARM
2513;2513;;IVECO;CROSSWAY;;CROSSWAY;;false;0;0;0;0;2024-09-03;false;;;;;;;;;;;;;;;;;;;MONTGERM;KARM
2517;2517;;IVECO;CROSSWAY;;CROSSWAY;;false;0;0;0;0;2024-10-01;false;;;;;;;;;;;;;;;;;;;MONTGERM;KARM
253;253;;MERCEDES;CITARO STD;;CITARO STD;;false;0;44;0;44;2019-08-06;true;2;;2;;3;3;3;EURO 6;ADBLUE;;;;;;;3;;;CHANTEPI;KARM
3002;3002;;VAN HOOL;915SB2 STD;;915SB2 STD;;false;0;45;55;100;2008-10-03;true;2;;1;Pastilles;3;3;3;;;;;;;;;2;;;STJACQUE;JOLL
3029;3029;;IVECO;URBANWAY;;URBANWAY;;false;0;0;0;0;2024-12-26;true;2;;2;Leds;3;3;3;EURO 6;;;;;;;;2;;;STJACQUE;JOLL
340;340;;MERCEDES;ECITARO 18M;;ECITARO 18M;Articulé;true;18;52;0;52;2022-05-03;true;4;;2;Leds;3;4;3;NC;NC;;275/70 R22.5;NC;;;;4;;;RENNES;KREN
348;348;;MERCEDES;ECITARO 18M;;ECITARO 18M;Articulé;true;18;0;0;0;2023-10-16;true;4;;2;Leds;3;4;3;NC;NC;;275/70 R22.5;NC;;;;4;;;RENNES;KREN
3502;3502;;IRISBUS;RECREO;;RECREO;;false;0;;;;2006-04-20;false;0;;0;;;0;1;;;;;;;;;2;;;STJACQUE;JOLL
3504;3504;;IRISBUS;RECREO;;RECREO;;false;0;0;0;0;2006-02-28;false;0;;0;NC;0;0;1;;;;;;;;;2;;;STJACQUE;JOLL
3518;3518;;IVECO;CROSSWAY;;CROSSWAY;;false;0;0;0;0;2022-08-01;false;;;;;;;;;;;;;;;;;;;STJACQUE;JOLL
3527;3527;;IRISBUS;Récréo;;Récréo;;false;0;;;;;false;0;;0;;;;1;;;;;;;;;2;;;STJACQUE;JOLL
3539;3539;;IVECO;CROSSWAY;;CROSSWAY;;false;0;0;0;0;;false;;;;;;;;;;;;;;;;;;;STJACQUE;JOLL
3541;3541;;IVECO;CROSSWAY;;CROSSWAY;;false;0;0;0;0;2023-11-13;false;;;;;;;;;;;;;;;;;;;STJACQUE;JOLL
3542;3542;;IVECO;CROSSWAY;;CROSSWAY;;false;0;0;0;0;2023-11-13;false;;;;;;;;;;;;;;;;;;;STJACQUE;JOLL
3543;3543;;IVECO;CROSSWAY;;CROSSWAY;;false;0;0;0;0;2024-11-01;false;;;;;;;;;;;;;;;;;;;STJACQUE;JOLL
361;361;;MERCEDES;ECITARO 18M;;ECITARO 18M;Articulé;true;18;0;0;0;2024-06-05;true;4;;2;Leds;3;4;3;NC;NC;;275/70 R22.5;NC;;;;4;;;RENNES;KREN
362;362;;MERCEDES;ECITARO 18M;;ECITARO 18M;Articulé;true;18;0;0;0;2024-07-05;true;4;;2;Leds;3;4;3;NC;NC;;275/70 R22.5;NC;;;;4;;;RENNES;KREN
363;363;;MERCEDES;ECITARO 18M;;ECITARO 18M;Articulé;true;18;0;0;0;2024-06-05;true;4;;2;Leds;3;4;3;NC;NC;;275/70 R22.5;NC;;;;4;;;RENNES;KREN
374;374;;MERCEDES;ECITARO 18M;;ECITARO 18M;Articulé;true;18;0;0;0;2025-03-24;true;4;;2;Leds;3;4;3;NC;NC;;275/70 R22.5;NC;;;;4;;;RENNES;KREN
376;376;;MERCEDES;ECITARO 18M;;ECITARO 18M;Articulé;true;18;0;0;0;2025-01-16;true;4;;2;Leds;3;4;3;NC;NC;;275/70 R22.5;NC;;;;4;;;RENNES;KREN
385;385;;MERCEDES;ECITARO 18M;;ECITARO 18M;Articulé;true;18;0;0;0;2024-11-19;true;4;;2;Leds;3;4;3;NC;NC;;275/70 R22.5;NC;;;;4;;;RENNES;KREN
386;386;;MERCEDES;ECITARO 18M;;ECITARO 18M;Articulé;true;18;0;0;0;2025-04-18;true;4;;2;Leds;3;4;3;NC;NC;;275/70 R22.5;NC;;;;4;;;RENNES;KREN
4001;4001;;MERCEDES;CITARO STD;;CITARO STD;;false;0;;;;;true;2;;2;Leds;3;3;3;;;;;;;;;2;;;CHANTEPI;TIV
4010;4010;;HEULIEZ;GX317 STD;;GX317 STD;;false;0;;;;;true;2;;1;Leds;3;3;2;;;;;;;;;2;;;CHANTEPI;TIV
4011;4011;;HEULIEZ;GX317 STD;;GX317 STD;;false;0;;;;;true;2;;1;Leds;3;3;2;;;;;;;;;2;;;CHANTEPI;TIV
4019;4019;;MERCEDES;CITARO STD;;CITARO STD;;false;0;0;0;0;2017-09-25;true;2;;2;Leds;3;3;3;EURO 6;NC;NC;;NC;NC;NC;NC;3;NC;NC;CHANTEPI;TIV
4020;4020;;MERCEDES;CITARO STD;;CITARO STD;;false;0;0;0;0;2001-04-06;true;2;;2;Leds;3;3;3;;;;;;;;;2;;;CHANTEPI;TIV
4021;4021;;IRISBUS;CITELIS STD;;CITELIS STD;;false;0;33;84;117;;true;2;;1;LEDS;3;3;3;;;;;;;;;2;;;CHANTEPI;TIV
4026;4026;;HEULIEZ;GX317 STD;;GX317 STD;;false;0;29;85;114;2002-03-25;true;2;;1;Leds;3;3;3;;;;;;;;;3;;;CHANTEPI;TIV
4028;4028;;MERCEDES;CITARO STD;;CITARO STD;;false;0;49;;;2011-08-02;true;2;;2;Leds;3;3;3;;;;;;;;;2;;;CHANTEPI;TIV
4031;4031;;MAN;LIONS CITY;;LIONS CITY;;false;0;29;85;114;2022-11-04;true;2;;1;Leds;3;3;2;EURO 6;;;;;;;;3;;;CHANTEPI;TIV
450;450;;MERCEDES;ECITARO 12M;;ECITARO 12M;Standard;true;12;0;0;0;2022-05-03;true;2;;2;Leds;3;3;3;NC;;;275/70 R22.5;;;;;3;;;RENNES;KREN
4500;4500;;MERCEDES;INTOURO;;INTOURO;;false;0;0;0;0;2019-09-30;false;0;;0;;;;1;;;;;;;;;2;;;CHANTEPI;TIV
4509;4509;;IVECO;CROSSWAY;;CROSSWAY;;false;0;0;0;0;;false;;;;;;;;;;;;;;;;;;;CHANTEPI;TIV
4516;4516;;IVECO;CROSSWAY;;CROSSWAY;;false;0;0;0;0;2020-01-01;false;;;;;;;;;;;;;;;;;;;CHANTEPI;TIV
458;458;;MERCEDES;ECITARO 12M;;ECITARO 12M;Standard;true;12;0;0;0;2023-11-20;true;2;;2;Leds;3;3;3;NC;NC;;275/70 R22.5;NC;;;;3;;;RENNES;KREN
465;465;;MERCEDES;ECITARO 12M;;ECITARO 12M;Standard;true;12;0;0;0;2024-07-05;true;2;;2;Leds;3;3;3;NC;NC;;275/70 R22.5;NC;;;;3;;;RENNES;KREN
470;470;;MERCEDES;ECITARO 12M;;ECITARO 12M;Standard;true;12;0;0;0;2025-01-31;true;2;;2;Leds;3;3;3;NC;NC;;275/70 R22.5;NC;;;;3;;;RENNES;KREN
474;474;;MERCEDES;ECITARO 12M;;ECITARO 12M;Standard;true;12;0;0;0;2025-03-07;true;2;;2;Leds;3;3;3;NC;NC;;275/70 R22.5;NC;;;;3;;;RENNES;KREN
501;501;;BLUEBUS;BLUEBUS 12M;BB12M1S18BBB3NX;BLUEBUS 12M;Standard;true;12;24;0;24;2018-03-06;true;2;250;2;Leds;3;3;3;NC;NC;1J;275/70 R22.5;NC;NC;;Vénus gris;3;Pneumatique;Coulissante électrique;RENNES;KREN
5011;5011;;MAN;Lions City;;Lions City;;false;0;;;;;true;2;;2;leds;3;3;3;;;;;;;;;2;;;chantepi;TIV
5013;5013;;MAN;Lions City;;Lions City;;false;0;;;;;true;2;;2;leds;3;3;3;;;;;;;;;2;;;CHARTRES;LINE
5501;5501;;FAST;SCOLER 5;;SCOLER 5;;false;0;0;0;0;;false;;;;;;;1;;;;;;;;;2;;;CHARTRES;LINE
5504;5504;;FAST;STARTER S;;STARTER S;;false;0;0;0;0;;false;;;;;;;1;;;;;;;;;2;;;CHARTRES;LINE
5509;5509;;RENAULT PVI;NR215PE;;NR215PE;;false;0;;;;;false;0;;0;;;;1;;;;;;;;;2;;;CHARTRES;LINE
5529;5529;;SCANIA;FENCER;;FENCER;;false;0;0;0;0;;false;;;;;;;;;;;;;;;;;;;CHARTRES;LINE
6007;6007;;IVECO;URBANWAY;;URBANWAY;;false;0;35;70;105;2022-10-13;true;2;;2;Leds;3;3;3;;;;;;;;;2;;;MONTGERM;KARM
6010;6010;;IRISBUS;AGORA STD;;AGORA STD;;false;0;33;84;117;2004-03-22;false;2;;1;Leds;3;3;2;;;;;;;;;2;;;MONTGERM;KARM
6011;6011;;SETRA;315NF STD;;315NF STD;;false;0;;;;;true;2;;1;Pastilles;3;3;3;;;;;;;;;2;;;MONTGERM;KARM
6020;6020;;MERCEDES;CITARO STD;;CITARO STD;;false;0;34;75;109;2012-05-25;true;2;;2;Leds;3;3;3;;;;;;;;;2;;;MONTGERM;KARM
6026;6026;;IVECO;URBANWAY;VNE4426N200314389;URBANWAY;;false;0;0;0;0;2023-07-31;true;2;;1;leds;3;3;3;;;;;;;;;2;;;CHANTEPI;KARM
6028;6028;;IVECO;URBANWAY;;URBANWAY;;false;0;0;0;0;2023-07-31;true;2;;1;Leds;3;3;3;;;;;;;;;2;;;CHANTEPI;KARM
6039;6039;;IVECO;URBANWAY;;URBANWAY;;false;0;0;0;0;2023-09-05;true;2;;1;Leds;3;3;3;;;;;;;;;2;;;CHANTEPI;KARM
6040;6040;;IVECO;URBANWAY;;URBANWAY;;false;0;0;0;0;2023-09-05;true;2;;1;Leds;3;3;3;;;;;;;;;2;;;CHANTEPI;KARM
608;608;;MERCEDES;CITARO 13M;530 M 906;CITARO 13M;Standard;true;13;39;64;103;2010-04-13;true;2;800;2;Leds;3;3;3;EURO 5;ADBLUE;1K;275/70 R22.5;ZF 6HP502 Ecomat 2 plus;OM 906HLA / Euro 5;ZF AV 132;Vénus gris;2;Pneumatique;Coulissante électrique;RENNES;KREN
7001;7001;;BLUEBUS;BLUEBUS 6M;MCE6CU;BLUEBUS 6M;Standard;true;6;11;0;11;2019-06-12;true;1;;;NC;0;2;;NC;;;;;;;;;;;RENNES;KREN
706;706;;MERCEDES;CITARO ART;;CITARO ART;Articulé;true;18;35;119;154;2014-07-31;true;3;429;2;Leds;4;4;3;EURO 6;ADBLUE;1P;275/70 R22.5;ZF Ecolife 6 AP;OM 470 LA / Euro 6;ZF AV 132;Vénus gris;3;Pneumatique;Coulissante électrique;RENNES;KREN
708;708;;MERCEDES;CITARO ART;;CITARO ART;Articulé;true;18;35;119;154;2014-07-31;true;3;429;2;Leds;4;4;3;EURO 6;ADBLUE;1P;275/70 R22.5;ZF Ecolife 6 AP;OM 470 LA / Euro 6;ZF AV 132;Vénus gris;3;Pneumatique;Coulissante électrique;RENNES;KREN
717;717;;MERCEDES;CITARO ART;62803HK1GKEAW13F13X357802JA00;CITARO ART;Articulé;true;18;35;119;154;2015-02-16;true;3;440;2;Leds;4;4;3;EURO 6;ADBLUE;1P;275/70 R22.5;ZF Ecolife 6 AP;OM 470 LA / Euro 6;ZF AV 132;Vénus gris;3;Pneumatique;Coulissante électrique;RENNES;KREN
719;719;;MERCEDES;CITARO ART;62803HK1GKEAW13F13X357802JA00;CITARO ART;Articulé;true;18;35;119;154;2015-02-24;true;3;440;2;Leds;4;4;3;EURO 6;ADBLUE;1P;275/70 R22.5;ZF Ecolife 6 AP;OM 470 LA / Euro 6;ZF AV 132;Vénus gris;3;Pneumatique;Coulissante électrique;RENNES;KREN
720;720;;MERCEDES;CITARO ART;62803HK1GKEAW13F13X357802JA00;CITARO ART;Articulé;true;18;35;119;154;2015-02-18;true;3;440;2;Leds;4;4;3;EURO 6;ADBLUE;1P;275/70 R22.5;ZF Ecolife 6 AP;OM 470 LA / Euro 6;ZF AV 132;Vénus gris;3;Pneumatique;Coulissante électrique;RENNES;KREN
721;721;;MERCEDES;CITARO ART;62803HK1GKEAW13F13X357802JA00;CITARO ART;Articulé;true;18;35;119;154;2015-02-25;true;3;440;2;Leds;4;4;3;EURO 6;ADBLUE;1P;275/70 R22.5;ZF Ecolife 6 AP;OM 470 LA / Euro 6;ZF AV 132;Vénus gris;3;Pneumatique;Coulissante électrique;RENNES;KREN
724;724;;MERCEDES;CITARO ART;62803HK1GKEAW13F13X357802JA00;CITARO ART;Articulé;true;18;35;119;154;2015-03-04;true;3;440;2;Leds;4;4;3;EURO 6;ADBLUE;1P;275/70 R22.5;ZF Ecolife 6 AP;OM 470 LA / Euro 6;ZF AV 132;Vénus gris;3;Pneumatique;Coulissante électrique;RENNES;KREN
739;739;;MERCEDES;CITARO ART;62803HK1GKEBW13F13X357802JA00;CITARO ART;Articulé;true;18;35;119;154;2015-11-12;true;3;440;2;Leds;4;4;3;EURO 6;ADBLUE;1P;;ZF Ecolife 6 AP;OM 470 LA / Euro 6;ZF AV 132;Vénus gris;3;Pneumatique;Coulissante électrique;RENNES;KREN
7510;7510;;IVECO;CROSSWAY;;CROSSWAY;;false;0;0;0;0;;;;;0;;;;1;;;;;;;;;;;;MESSAC;ORAI
808;808;;IRISBUS;CITELIS ART;PU09D13P;CITELIS ART;Articulé;true;18;42;118;160;2007-06-18;true;3;528;1;Leds;3;4;3;EURO 5;ADBLUE;1P;11 R22.5;ZF 5HP502 C;F2BE0682C / Euro 5;ZF AV 132;Athermique;3;Pneumatique;Pivotante pneumatique;RENNES;KREN
818;818;;IRISBUS;CITELIS ART;PU09D13P;CITELIS ART;Articulé;true;18;38;112;150;2008-04-30;true;3;528;2;Leds;3;4;3;EURO 5;ADBLUE;1P;11 R22.5;ZF 5HP502 C;F2BE0682C / Euro 5;ZF AV 132;Athermique;3;Electrique;Coulissante électrique;RENNES;KREN
831;831;;IRISBUS;CITELIS ART;PU09D13P;CITELIS ART;Articulé;true;18;38;116;154;2009-02-20;true;3;528;2;Leds;4;4;3;EURO 5;ADBLUE;1P;11 R22.5;ZF 5HP502 C;F2BE0682C / Euro 5;ZF AV 132;Athermique;3;Electrique;Coulissante électrique;RENNES;KREN
900;900;;MERCEDES;CITARO ART;530283457;CITARO ART;Articulé;true;18;39;124;163;2010-04-13;true;3;405;2;Leds;4;4;3;EURO 5;ADBLUE;1P;275/70 R22.5;ZF 6HP592 C Ecomat 2 Plus Kitas;OM 457HLA / Euro 5;ZF AV 132;Vénus gris;3;Pneumatique;Coulissante électrique;MIVOIE;KREN
901;901;;MERCEDES;CITARO ART;530283457;CITARO ART;Articulé;true;18;39;124;163;2010-04-13;true;3;405;2;Leds;4;4;3;EURO 5;ADBLUE;1P;275/70 R22.5;ZF 6HP592 C Ecomat 2 Plus Kitas;OM 457HLA / Euro 5;ZF AV 132;Vénus gris;3;Pneumatique;Coulissante électrique;MIVOIE;KREN
905;905;;MERCEDES;CITARO ART;530283457;CITARO ART;Articulé;true;18;39;124;163;2010-04-13;true;3;405;2;Leds;4;4;3;EURO 5;ADBLUE;1P;275/70 R22.5;ZF 6HP592 C Ecomat 2 Plus Kitas;OM 457HLA / Euro 5;ZF AV 132;Vénus gris;3;Pneumatique;Coulissante électrique;MIVOIE;KREN
921;921;;MERCEDES;CITARO ART;62803ACCGBFGVQ3H33X389502J900;CITARO ART;Articulé;true;18;39;124;163;2012-01-13;true;3;405;2;Leds;4;4;3;EURO 5;ADBLUE;1P;275/70 R22.5;ZF 6HP592 C Ecomat 2 Plus Kitas;OM 457HLA / Euro 5;ZF AV 132;Vénus gris;3;Pneumatique;Coulissante électrique;MIVOIE;KREN
923;923;;MERCEDES;CITARO ART;62803ACCGBFGVQ3H33X389502J900;CITARO ART;Articulé;true;18;39;124;163;2012-01-13;true;3;405;2;Leds;4;4;3;EURO 5;ADBLUE;1P;275/70 R22.5;ZF 6HP592 C Ecomat 2 Plus Kitas;OM 457HLA / Euro 5;ZF AV 132;Vénus gris;3;Pneumatique;Coulissante électrique;MIVOIE;KREN
927;927;;MERCEDES;CITARO ART;62803ACCGBFGVQ3H33X389502J900;CITARO ART;Articulé;true;18;39;124;163;2012-01-13;true;3;405;2;Leds;4;4;3;EURO 5;ADBLUE;1P;275/70 R22.5;ZF 6HP592 C Ecomat 2 Plus Kitas;OM 457HLA / Euro 5;ZF AV 132;Vénus gris;3;Pneumatique;Coulissante électrique;MIVOIE;KREN
929;929;;MERCEDES;CITARO ART;62803ACCGBFGVQ3H33X389502J900;CITARO ART;Articulé;true;18;39;124;163;2012-01-13;true;3;405;2;Leds;4;4;3;EURO 5;ADBLUE;1P;275/70 R22.5;ZF 6HP592 C Ecomat 2 Plus Kitas;OM 457HLA / Euro 5;ZF AV 132;Vénus gris;3;Pneumatique;Coulissante électrique;MIVOIE;KREN
934;934;;MERCEDES;CITARO ART;62803ACCGBFGVQ3H33X389502J900;CITARO ART;Articulé;true;18;39;124;163;2012-01-13;true;3;405;2;Leds;4;4;3;EURO 5;ADBLUE;1P;275/70 R22.5;ZF 6HP592 C Ecomat 2 Plus Kitas;OM 457HLA / Euro 5;ZF AV 132;Vénus gris;3;Pneumatique;Coulissante électrique;MIVOIE;KREN
941;941;;MERCEDES;CITARO ART;;CITARO ART;Articulé;true;18;39;124;163;2013-02-14;true;3;430;2;Leds;4;4;3;EURO 5;ADBLUE;1P;275/70 R22.5;ZF Ecolife 6 AP;OM 457HLA / Euro 5;ZF AV 132;Vénus gris;3;Pneumatique;Coulissante électrique;MIVOIE;KREN
942;942;;MERCEDES;CITARO ART;;CITARO ART;Articulé;true;18;39;124;163;2013-02-14;true;3;430;2;Leds;4;4;3;EURO 5;ADBLUE;1P;275/70 R22.5;ZF Ecolife 6 AP;OM 457HLA / Euro 5;ZF AV 132;Vénus gris;3;Pneumatique;Coulissante électrique;MIVOIE;KREN
947;947;;MERCEDES;CITARO ART;;CITARO ART;Articulé;true;18;39;124;163;2013-02-14;true;3;430;2;Leds;4;4;3;EURO 5;ADBLUE;1P;275/70 R22.5;ZF Ecolife 6 AP;OM 457HLA / Euro 5;ZF AV 132;Vénus gris;3;Pneumatique;Coulissante électrique;MIVOIE;KREN
949;949;;MERCEDES;CITARO ART;;CITARO ART;Articulé;true;18;39;124;163;2013-02-14;true;3;430;2;Leds;4;4;3;EURO 5;ADBLUE;1P;275/70 R22.5;ZF Ecolife 6 AP;OM 457HLA / Euro 5;ZF AV 132;Vénus gris;3;Pneumatique;Coulissante électrique;MIVOIE;KREN
952;952;;MERCEDES;CITARO ART;;CITARO ART;Articulé;true;18;39;124;163;2013-02-14;true;3;430;2;Leds;4;4;3;EURO 5;ADBLUE;1P;275/70 R22.5;ZF Ecolife 6 AP;OM 457HLA / Euro 5;ZF AV 132;Vénus gris;3;Pneumatique;Coulissante électrique;MIVOIE;KREN
955;955;;MERCEDES;CITARO ART;;CITARO ART;Articulé;true;18;39;124;163;2013-02-14;true;3;430;2;Leds;4;4;3;EURO 5;ADBLUE;1P;275/70 R22.5;ZF Ecolife 6 AP;OM 457HLA / Euro 5;ZF AV 132;Vénus gris;3;Pneumatique;Coulissante électrique;MIVOIE;KREN
957;957;;MERCEDES;CITARO ART;;CITARO ART;Articulé;true;18;59;;;2014-06-18;true;3;430;2;Leds;4;4;3;EURO 6;ADBLUE;1P;275/70 R22.5;;;;Vénus gris;3;Pneumatique;Coulissante électrique;RENNES;KREN
1013;1013;;MERCEDES;CITARO STD;;CITARO STD;Standard;false;12;0;0;0;;true;2;;2;Leds;3;3;3;;;;;;;;;2;;;CHANTEPI;KARM
1026;1026;;MAN;LIONS CITY;;LIONS CITY;Standard;false;12;0;0;0;;true;2;;2;Leds;3;3;3;;;;;;;;;2;;;CHANTEPI;KARM
1029;1029;;MAN;LIONS CITY;;LIONS CITY;Standard;false;12;0;0;0;;true;2;;2;Leds;3;3;3;;;;;;;;;2;;;CHANTEPI;KARM
1032;1032;;MAN;LIONS CITY;;LIONS CITY;Standard;false;12;0;0;0;;true;2;;2;Leds;3;3;3;;;;;;;;;2;;;CHANTEPI;KARM
1053;1053;;MERCEDES;CITARO ART;;CITARO ART;Articulé;false;18;0;0;0;;true;3;;2;Leds;3;4;3;;;;;;;;;3;;;CHANTEPI;TIV
1059;1059;;MERCEDES;CITARO ART;;CITARO ART;Articulé;false;18;0;0;0;;true;3;;2;Leds;3;4;3;;;;;;;;;3;;;CHANTEPI;TIV
1061;1061;;MERCEDES;CITARO ART;;CITARO ART;Articulé;false;18;0;0;0;;true;3;;2;Leds;3;4;3;;;;;;;;;3;;;CHANTEPI;TIV
1063;1063;;MERCEDES;CITARO ART;;CITARO ART;Articulé;false;18;0;0;0;;true;3;;2;Leds;3;4;3;;;;;;;;;3;;;CHANTEPI;KARM
1064;1064;;MERCEDES;CITARO ART;;CITARO ART;Articulé;false;18;0;0;0;;true;3;;2;Leds;3;4;3;;;;;;;;;3;;;CHANTEPI;KARM
1068;1068;;MERCEDES;CITARO ART;;CITARO ART;Articulé;false;18;0;0;0;;true;3;;2;Leds;3;4;3;;;;;;;;;3;;;CHANTEPI;KARM
1069;1069;;MERCEDES;CITARO ART;;CITARO ART;Articulé;false;18;0;0;0;;true;3;;2;Leds;3;4;3;;;;;;;;;3;;;CHANTEPI;KARM
2001;2001;;MERCEDES;CITARO STD;;CITARO STD;;false;0;0;0;0;2010-06-15;true;2;;2;Leds;3;3;3;;;;;;;;;2;;;CHANTEPI;KARM
2005;2005;;MERCEDES;CITARO STD;;CITARO STD;;false;0;;;;2010-04-20;true;2;;2;Leds;3;3;3;;;;;;;;;2;;;MONTGERM;KARM
2007;2007;;SETRA;416NF 13M;;416NF 13M;;false;0;;;;2009-06-17;true;2;;2;Leds;3;3;3;;;;;;;;;2;;;MONTGERM;KARM
2009;2009;;SETRA;416NF 13M;;416NF 13M;;false;0;;;;2009-06-17;true;2;;2;Leds;3;3;3;;;;;;;;;2;;;CHANTEPI;KARM
2010;2010;;SETRA;416NF 13M;;416NF 13M;;false;0;;;;2009-06-17;true;2;;2;Leds;3;3;3;;;;;;;;;2;;;CHANTEPI;KARM
2021;2021;;SETRA;416NF 13M;;416NF 13M;;false;0;;;;2008-08-25;true;2;;2;Leds;3;3;3;;;;;;;;;2;;;MONTGERM;KARM
2023;2023;;SETRA;416NF 13M;;416NF 13M;;false;0;;;;2008-08-22;true;2;;2;Leds;3;3;3;EURO 5;;;;;;;;2;;;MONTGERM;KARM
2025;2025;;IVECO;URBANWAY;;URBANWAY;;false;0;0;0;0;2022-10-13;true;2;;1;Leds;3;3;3;;;;;;;;;2;;;CHANTEPI;KARM
2036;2036;;MERCEDES;CITARO STD;;CITARO STD;;false;0;0;0;0;2016-09-09;true;2;;2;Leds;3;3;2;EURO 6;ADBLUE;;;;;;;3;;;CHANTEPI;KARM
2039;2039;;MERCEDES;CITARO STD;;CITARO STD;;false;0;0;0;0;2015-07-23;true;2;;2;Leds;;3;3;;;;;;;;;2;;;CHANTEPI;KARM
2042;2042;;MERCEDES;CITARO STD;;CITARO STD;;false;0;0;0;0;2014-12-09;true;2;;2;Leds;3;3;3;;;;;;;;;3;;;MONTGERM;KARM
2043;2043;;MERCEDES;CITARO ART;;CITARO ART;;false;0;0;0;0;2014-02-27;true;3;;2;Leds;;4;3;;;;;;;;;3;;;CHANTEPI;KARM
2044;2044;;MERCEDES;CITARO STD;;CITARO STD;;false;0;0;0;0;2016-09-09;true;2;;2;;3;3;2;EURO 6;;;;;;;;2;;;CHANTEPI;KARM
2045;2045;;MERCEDES;CITARO STD;;CITARO STD;;false;0;0;0;0;2015-10-21;true;2;;2;;3;3;2;;;;;;;;;2;;;CHANTEPI;KARM
2050;2050;;MERCEDES;CITARO STD;;CITARO STD;;false;0;34;75;109;2012-07-19;true;2;;1;Leds;3;3;3;EURO 5;ADBLUE;;;;;;;2;;;MONTGERM;KARM
2056;2056;;MERCEDES;CITARO STD;;CITARO STD;;false;0;0;0;0;2013-07-26;true;2;;2;LEDS;3;3;3;;;;;;;;;2;;;MONTGERM;KARM
2072;2072;;MERCEDES;CITARO ART;;CITARO ART;Articulé;true;18;0;0;0;2014-10-07;true;3;;2;Leds;;3;3;EURO 5;;;;;;;;3;;;RENNES;KREN
2075;2075;;MERCEDES;CITARO ART;;CITARO ART;;false;0;0;0;0;2015-07-09;true;3;;2;Leds;;4;3;;;;;;;;;;;;CHANTEPI;KARM
2081;2081;;HEULIEZ;GX437;;GX437;;false;0;0;0;0;2022-01-01;true;3;;2;Leds;3;4;3;EURO 6;ADBLUE;;;;;;;3;;;CHANTEPI;KARM
226;226;;MERCEDES;CITARO STD;530090926;CITARO STD;Standard;true;12;23;66;89;2008-05-05;true;2;613;2;Leds;3;3;3;EURO 5;ADBLUE;1K;275/70 R22.5;ZF 6HP502 C;OM 926LA / Euro 5;ZF AV 132;Vénus gris;3;Pneumatique;Coulissante électrique;RENNES;KREN
243;243;;MERCEDES;CITARO STD;62802AACEHBGXP3H330224402J900;CITARO STD;Standard;true;12;45;66;111;2012-01-13;true;2;610;2;Leds;3;3;3;EURO 5;ADBLUE;1K;275/70 R22.5;VOITH DIWA5 T2R0 / OM92;OM 926LA / Euro 5;ZF AV 132;Vénus gris;3;Pneumatique;Coulissante électrique;MIVOIE;KREN
246;246;;MERCEDES;CITARO STD;62802AACEHBGXP3H330224402J900;CITARO STD;Standard;true;12;45;66;111;2012-01-13;true;2;610;2;Leds;3;3;3;EURO 5;ADBLUE;1K;275/70 R22.5;VOITH DIWA5 T2R0 / OM92;OM 926LA / Euro 5;ZF AV 132;Vénus gris;3;Pneumatique;Coulissante électrique;MIVOIE;KREN
248;248;;MERCEDES;CITARO STD;62802AACEHBGXP3H330224402J900;CITARO STD;Standard;true;12;45;66;111;2012-01-13;true;2;610;2;Leds;3;3;3;EURO 5;ADBLUE;1K;275/70 R22.5;VOITH DIWA5 T2R0 / OM92;OM 926LA / Euro 5;ZF AV 132;Vénus gris;3;Pneumatique;Coulissante électrique;RENNES;KREN
2501;2501;;IVECO;CROSSWAY;;CROSSWAY;;false;0;0;0;0;2023-03-01;false;;;;;;;;;;;;;;;;;;;CHANTEPI;KARM
252;252;;MERCEDES;CITARO STD;;CITARO STD;;false;0;44;0;44;2019-08-06;true;2;;2;;3;3;3;EURO 6;ADBLUE;;;;;;;3;;;CHANTEPI;KARM
3012;3012;;IRISBUS;CITELIS STD;;CITELIS STD;;false;0;;;;2006-06-01;true;2;;;;;3;2;;;;;;;;;2;;;STJACQUE;JOLL
3016;3016;;IRISBUS;CITELIS STD;;CITELIS STD;;false;0;;;;2006-06-01;true;2;;1;;3;3;3;;;;;;;;;2;;;STJACQUE;JOLL
3022;3022;;IRISBUS;AGORA STD;;AGORA STD;;false;0;0;0;0;2006-06-01;true;2;;;;;3;2;;;;;;;;;2;;;STJACQUE;JOLL
3025;3025;;IRISBUS;CITELIS STD;;CITELIS STD;;false;0;30;67;97;2010-11-08;true;2;;2;Leds;3;3;3;;;;;;;;;2;;;STJACQUE;JOLL
3026;3026;;IRISBUS;CITELIS STD;;CITELIS STD;;false;0;0;0;0;2006-02-16;true;2;;1;Pastilles;;3;2;;;;;;;;;;;;STJACQUE;JOLL
3028;3028;;IVECO;URBANWAY;;URBANWAY;;false;0;0;0;0;2025-01-25;true;2;;2;Leds;3;3;3;EURO 6;;;;;;;;2;;;STJACQUE;JOLL
343;343;;MERCEDES;ECITARO 18M;;ECITARO 18M;Articulé;true;18;0;0;0;2023-08-21;true;4;;2;Leds;3;4;3;NC;NC;;275/70 R22.5;NC;;;;4;Pneumatique;Coulissante électrique;RENNES;KREN
3506;3506;;IRISBUS;RECREO;;RECREO;;false;0;;;;;false;;;0;;;;1;;;;;;;;;2;;;STJACQUE;JOLL
3508;3508;;IRISBUS;ARES;;ARES;;false;0;;;;;false;;;;;;;1;;;;;;;;;2;;;STJACQUE;JOLL
3512;3512;;IRISBUS;RECREO;;RECREO;;false;0;0;0;0;2004-01-08;false;0;;;;0;0;1;;;;;;;;;2;;;STJACQUE;JOLL
353;353;;MERCEDES;ECITARO 18M;;ECITARO 18M;Articulé;true;18;0;0;0;2024-05-03;true;4;;2;Leds;3;4;3;NC;NC;;275/70 R22.5;NC;;;;4;;;RENNES;KREN
3546;3546;;IVECO;CROSSWAY;;CROSSWAY;;false;0;0;0;0;2024-11-01;false;;;;;;;;;;;;;;;;;;;STJACQUE;JOLL
358;358;;MERCEDES;ECITARO 18M;;ECITARO 18M;Articulé;true;18;0;0;0;2024-06-05;true;4;;2;Leds;3;4;3;NC;NC;;275/70 R22.5;NC;;;;4;;;RENNES;KREN
360;360;;MERCEDES;ECITARO 18M;;ECITARO 18M;Articulé;true;18;0;0;0;2024-05-24;true;4;;2;Leds;3;4;3;NC;NC;;275/70 R22.5;NC;;;;4;;;RENNES;KREN
367;367;;MERCEDES;ECITARO 18M;;ECITARO 18M;Articulé;true;18;0;0;0;2024-05-24;true;4;;2;Leds;3;4;3;NC;NC;;275/70 R22.5;NC;;;;4;;;RENNES;KREN
375;375;;MERCEDES;ECITARO 18M;;ECITARO 18M;Articulé;true;18;0;0;0;2025-03-24;true;4;;2;Leds;3;4;3;NC;NC;;275/70 R22.5;NC;;;;4;;;RENNES;KREN
379;379;;MERCEDES;ECITARO 18M;;ECITARO 18M;Articulé;true;18;0;0;0;2025-03-24;true;4;;2;Leds;3;4;3;NC;NC;;275/70 R22.5;NC;;;;4;;;RENNES;KREN
4003;4003;;MAN;LIONS CITY;B.2018.858.00312C18BZZZZAX6AAH8BBJ;LIONS CITY;;false;0;41;0;41;2023-11-23;true;2;;2;Leds;3;3;3;EURO 6;;;;;;;;2;;;CHANTEPI;TIV
4005;4005;;SETRA;315NF STD;;315NF STD;;false;0;34;73;107;2006-11-07;false;2;;1;Leds;3;3;3;;;;;;;;;2;;;CHANTEPI;TIV
4012;4012;;HEULIEZ;GX317 STD;;GX317 STD;;false;0;32;85;117;2004-01-22;true;2;;1;Leds;3;3;2;;;;;;;;;2;;;CHANTEPI;TIV
4022;4022;;IRISBUS;CITELIS STD;;CITELIS STD;;false;0;0;0;0;1998-10-02;true;2;;1;LEDS;3;3;3;;;;;;;;;2;;;CHANTEPI;TIV
4034;4034;;IVECO;URBANWAY;PSECGTBUJ;URBANWAY;;false;0;0;0;0;2024-12-27;true;;;;;3;3;;;;;;;;;;;;;CHANTEPI;TIV
4039;4039;;IVECO;URBANWAY;PSECGTBUJ;URBANWAY;;false;0;0;0;0;2024-12-27;true;2;;2;Leds;3;3;3;;;;;;;;;3;;;CHANTEPI;TIV
441;441;;MERCEDES;ECITARO 12M;;ECITARO 12M;Standard;true;12;0;0;0;2023-11-20;true;2;;2;Leds;3;3;2;NC;;;275/70 R22.5;NC;;;;3;;;RENNES;KREN
444;444;;MERCEDES;ECITARO 12M;;ECITARO 12M;Standard;true;12;0;0;0;2023-11-20;true;2;;2;Leds;3;3;3;NC;;;275/70 R22.5;NC;;;;3;;;RENNES;KREN
4501;4501;;MERCEDES;INTOURO;;INTOURO;;false;0;0;0;0;2007-06-14;false;0;;0;;;;1;;;;;;;;;2;;;CHANTEPI;TIV
4503;4503;;IRISBUS;ARWAY;;ARWAY;;false;0;0;0;0;;false;0;;0;;;;1;;;;;;;;;2;;;CHANTEPI;TIV
4507;4507;;IRISBUS;RECREO;;RECREO;;false;0;0;0;0;;false;0;;0;;0;0;1;;;;;;;;;2;;;CHANTEPI;TIV
4511;4511;;IVECO;CROSSWAY;;CROSSWAY;;false;0;0;0;0;2022-10-01;false;;;;;;;;;;;;;;;;;;;CHANTEPI;TIV
4512;4512;;IVECO;CROSSWAY;;CROSSWAY;;false;0;0;0;0;2022-10-01;false;;;;;;;;;;;;;;;;;;;CHANTEPI;TIV
452;452;;MERCEDES;ECITARO 12M;;ECITARO 12M;Standard;true;12;0;0;0;2023-08-21;true;2;;2;Leds;3;3;3;NC;NC;;275/70 R22,5;NC;;;;3;Pneumatique;Coulissante électrique;RENNES;KREN
457;457;;MERCEDES;ECITARO 12M;;ECITARO 12M;Standard;true;12;0;0;0;2023-11-06;true;2;;2;Leds;3;3;3;NC;NC;;275/70 R22.5;NC;;;;3;;;RENNES;KREN
459;459;;MERCEDES;ECITARO 12M;;ECITARO 12M;Standard;true;12;0;0;0;2024-05-03;true;2;;2;Leds;3;3;3;NC;NC;;275/70 R22.5;NC;;;;3;;;RENNES;KREN
473;473;;MERCEDES;ECITARO 12M;;ECITARO 12M;Standard;true;12;0;0;0;2025-01-16;true;2;;2;Leds;3;3;3;NC;NC;;275/70 R22.5;NC;;;;3;;;RENNES;KREN
5006;5006;;SETRA;415 NF;;415 NF;;false;0;0;0;0;;true;2;;1;NC;0;3;3;;;;;;;;;2;;;CHARTRES;LINE
504;504;;BLUEBUS;BLUEBUS 12M;BB12M1S18BBB3NX;BLUEBUS 12M;Standard;true;12;24;0;24;2018-07-17;true;2;;2;Leds;3;3;3;NC;NC;1J;275/70 R22.5;NC;NC;NC;Vénus gris;3;Pneumatique;Coulissante électrique;RENNES;KREN
505;505;;BLUEBUS;BLUEBUS 12M;BB12M1S18BBB3NX;BLUEBUS 12M;Standard;true;12;24;0;24;2018-07-17;true;2;;2;Leds;3;3;3;NC;NC;1J;275/70 R22.5;NC;NC;NC;Vénus gris;3;Pneumatique;Coulissante électrique;RENNES;KREN
5502;5502;;FAST;SCOLER 5;;SCOLER 5;;false;0;0;0;0;;false;;;;;;;1;;;;;;;;;2;;;CHARTRES;LINE
5511;5511;;;;;;;false;0;0;0;0;;false;0;;0;;;;1;;;;;;;;;2;;;CHARTRES;LINE
5519;5519;;SCANIA;FENCER;;FENCER;;false;0;0;0;0;;false;;;;;;;;;;;;;;;;;;;CHARTRES;LINE
5531;5531;;SCANIA;FENCER;;FENCER;;false;0;0;0;0;;false;;;;;;;;;;;;;;;;;;;CHARTRES;LINE
5532;5532;;SCANIA;FENCER;;FENCER;;false;0;0;0;0;2023-03-02;false;;;;;;;;;;;;;;;;;;;CHARTRES;LINE
5536;5536;;SCANIA;FENCER;;FENCER;;false;0;0;0;0;2024-01-01;false;;;;;;;;;;;;;;;;;;;CHARTRES;LINE
600;600;;MERCEDES;CITARO 13M;530 M 906;CITARO 13M;Standard;true;13;39;64;103;2010-04-13;true;2;800;2;Leds;3;3;3;EURO 5;ADBLUE;1K;275/70 R22.5;ZF 6HP502 Ecomat 2 plus;OM 906HLA / Euro 5;ZF AV 132;Vénus gris;2;Pneumatique;Coulissante électrique;RENNES;KREN
6005;6005;;IRISBUS;CITELIS STD;;CITELIS STD;;false;0;36;60;96;2008-02-12;true;2;;1;Leds;3;3;3;;;;;;;;;2;;;MONTGERM;KARM
6006;6006;;IVECO;URBANWAY;;URBANWAY;;false;0;0;0;0;2022-10-13;true;2;;2;Leds;3;3;3;;;;;;;;;2;;;MONTGERM;KARM
601;601;;MERCEDES;CITARO 13M;530 M 906;CITARO 13M;Standard;true;13;39;64;103;2010-04-13;true;2;800;2;Leds;3;3;3;EURO 5;ADBLUE;1K;275/70 R22.5;ZF 6HP502 Ecomat 2 plus;OM 906HLA / Euro 5;ZF AV 132;Vénus gris;2;Pneumatique;Coulissante électrique;RENNES;KREN
6022;6022;;MERCEDES;CITARO STD;;CITARO STD;;false;0;33;95;128;2009-03-11;true;2;;2;Leds;3;3;3;;;;;;;;;2;;;MONTGERM;KARM
6029;6029;;IVECO;URBANWAY;;URBANWAY;;false;0;0;0;0;2023-07-31;true;2;;1;Leds;3;3;3;;;;;;;;;2;;;CHANTEPI;KARM
604;604;;MERCEDES;CITARO 13M;530 M 906;CITARO 13M;Standard;true;13;39;64;103;2010-04-13;true;2;800;2;Leds;3;3;3;EURO 5;ADBLUE;1K;275/70 R22.5;ZF 6HP502 Ecomat 2 plus;OM 906HLA / Euro 5;ZF AV 132;Vénus gris;2;Pneumatique;Coulissante électrique;RENNES;KREN
606;606;;MERCEDES;CITARO 13M;530 M 906;CITARO 13M;Standard;true;13;39;64;103;2010-04-13;true;2;800;2;Leds;3;3;3;EURO 5;ADBLUE;1K;275/70 R22.5;ZF 6HP502 Ecomat 2 plus;OM 906HLA / Euro 5;ZF AV 132;Vénus gris;2;Pneumatique;Coulissante électrique;RENNES;KREN
7002;7002;;BLUEBUS;BLUEBUS 6M;MCE6CU;BLUEBUS 6M;Standard;true;6;11;0;11;2019-06-12;true;;;;;;;;NC;;;;;;;;;;;RENNES;KREN
704;704;;MERCEDES;CITARO ART;;CITARO ART;Articulé;true;18;35;119;154;2014-07-31;true;3;429;2;Leds;4;4;3;EURO 6;ADBLUE;1P;275/70 R22.5;ZF Ecolife 6 AP;OM 470 LA / Euro 6;ZF AV 132;Vénus gris;3;Pneumatique;Coulissante électrique;RENNES;KREN
705;705;;MERCEDES;CITARO ART;;CITARO ART;Articulé;true;18;35;119;154;2014-06-20;true;3;429;2;Leds;4;4;3;EURO 6;ADBLUE;1P;275/70 R22.5;ZF Ecolife 6 AP;OM 470 LA / Euro 6;ZF AV 132;Vénus gris;3;Pneumatique;Coulissante électrique;RENNES;KREN
707;707;;MERCEDES;CITARO ART;;CITARO ART;Articulé;true;18;35;119;154;2014-07-31;true;3;429;2;Leds;4;4;3;EURO 6;ADBLUE;1P;275/70 R22.5;ZF Ecolife 6 AP;OM 470 LA / Euro 6;ZF AV 132;Vénus gris;3;Pneumatique;Coulissante électrique;RENNES;KREN
714;714;;MERCEDES;CITARO ART;;CITARO ART;Articulé;true;18;35;119;154;2014-07-31;true;3;429;2;Leds;4;4;3;EURO 6;ADBLUE;1P;275/70 R22.5;ZF Ecolife 6 AP;OM 470 LA / Euro 6;ZF AV 132;Vénus gris;3;Pneumatique;Coulissante électrique;RENNES;KREN
715;715;;MERCEDES;CITARO ART;;CITARO ART;Articulé;true;18;35;119;154;2014-07-31;true;3;429;2;Leds;4;4;3;EURO 6;ADBLUE;1P;275/70 R22.5;ZF Ecolife 6 AP;OM 470 LA / Euro 6;ZF AV 132;Vénus gris;3;Pneumatique;Coulissante électrique;RENNES;KREN
718;718;;MERCEDES;CITARO ART;62803HK1GKEAW13F13X357802JA00;CITARO ART;Articulé;true;18;35;119;154;2015-02-20;true;3;440;2;Leds;4;4;3;EURO 6;ADBLUE;1P;275/70 R22.5;ZF Ecolife 6 AP;OM 470 LA / Euro 6;ZF AV 132;Vénus gris;3;Pneumatique;Coulissante électrique;RENNES;KREN
734;734;;MERCEDES;CITARO ART;62803HK1GKEAW13F13X357802JA00;CITARO ART;Articulé;true;18;35;119;154;2015-03-26;true;3;440;2;Leds;4;4;3;EURO 6;ADBLUE;1P;275/70 R22.5;ZF Ecolife 6 AP;OM 470 LA / Euro 6;ZF AV 132;Vénus gris;3;Pneumatique;Coulissante électrique;RENNES;KREN
738;738;;MERCEDES;CITARO ART;62803HK1GKEBW13F13X357802JA00;CITARO ART;Articulé;true;18;35;119;154;2015-11-16;true;3;440;2;Leds;4;4;3;EURO 6;ADBLUE;1P;;ZF Ecolife 6 AP;OM 470 LA / Euro 6;ZF AV 132;Vénus gris;3;Pneumatique;Coulissante électrique;RENNES;KREN
743;743;;MERCEDES;CITARO ART;62803HK1GKEBW13F13X357802JA00;CITARO ART;Articulé;true;18;35;119;154;2015-11-19;true;3;440;2;Leds;4;4;3;EURO 6;ADBLUE;1P;;ZF Ecolife 6 AP;OM 470 LA / Euro 6;ZF AV 132;Vénus gris;3;Pneumatique;Coulissante électrique;RENNES;KREN
745;745;;MERCEDES;CITARO ART;62803HK1GKEBW13F13X357802JA00;CITARO ART;Articulé;true;18;35;119;154;2015-11-23;true;3;440;2;Leds;4;4;3;EURO 6;ADBLUE;1P;;ZF Ecolife 6 AP;OM 470 LA / Euro 6;ZF AV 132;Vénus gris;3;Pneumatique;Coulissante électrique;RENNES;KREN
747;747;;MERCEDES;CITARO ART;62803HK1GKEBW13F13X357802JA00;CITARO ART;Articulé;true;18;35;119;154;2015-11-25;true;3;440;2;Leds;4;4;3;EURO 6;ADBLUE;1P;;ZF Ecolife 6 AP;OM 470 LA / Euro 6;ZF AV 132;Vénus gris;3;Pneumatique;Coulissante électrique;RENNES;KREN
7500;7500;;IVECO;CROSSWAY;;CROSSWAY;;false;0;0;0;0;;false;0;;0;NC;0;0;1;NC;NC;NC;NC;NC;NC;NC;NC;;NC;NC;MESSAC;ORAI
7506;7506;;IVECO;;;;;false;0;0;0;0;;false;0;;0;NC;0;0;1;;;;;;;;;2;;;MESSAC;ORAI
7508;7508;;IVECO;CROSSWAY;;CROSSWAY;;false;0;0;0;0;;false;0;;0;NC;0;0;1;NC;NC;NC;NC;NC;NC;NC;NC;2;NC;NC;MESSAC;ORAI
7511;7511;;IVECO;CROSSWAY;;CROSSWAY;;false;0;0;0;0;;false;;;;;;;1;;;;;;;;;;;;;
820;820;;IRISBUS;CITELIS ART;PU09D13P;CITELIS ART;Articulé;true;18;38;112;150;2008-04-30;true;3;528;2;Leds;3;4;3;EURO 5;ADBLUE;1P;11 R22.5;ZF 5HP502 C;F2BE0682C / Euro 5;ZF AV 132;Athermique;3;Electrique;Coulissante électrique;RENNES;KREN
821;821;;IRISBUS;CITELIS ART;PU09D13P;CITELIS ART;Articulé;true;18;38;116;154;2009-02-20;true;3;528;2;Leds;4;4;3;EURO 5;ADBLUE;1P;11 R22.5;ZF 5HP502 C;F2BE0682C / Euro 5;ZF AV 132;Athermique;3;Electrique;Coulissante électrique;RENNES;KREN
823;823;;IRISBUS;CITELIS ART;PU09D13P;CITELIS ART;Articulé;true;18;38;116;154;2009-02-20;true;3;528;2;Leds;4;4;3;EURO 5;ADBLUE;1P;11 R22.5;ZF 5HP502 C;F2BE0682C / Euro 5;ZF AV 132;Athermique;3;Electrique;Coulissante électrique;RENNES;KREN
830;830;;IRISBUS;CITELIS ART;PU09D13P;CITELIS ART;Articulé;true;18;38;116;154;2009-02-20;true;3;528;2;Leds;4;4;3;EURO 5;ADBLUE;1P;11 R22.5;ZF 5HP502 C;F2BE0682C / Euro 5;ZF AV 132;Athermique;3;Electrique;Coulissante électrique;RENNES;KREN
902;902;;MERCEDES;CITARO ART;530283457;CITARO ART;Articulé;true;18;39;124;163;2010-04-13;true;3;405;2;Leds;4;4;3;EURO 5;ADBLUE;1P;275/70 R22.5;ZF 6HP592 C Ecomat 2 Plus Kitas;OM 457HLA / Euro 5;ZF AV 132;Vénus gris;3;Pneumatique;Coulissante électrique;MIVOIE;KREN
906;906;;MERCEDES;CITARO ART;62803ACCGBFGLQ3H33X389702JD00;CITARO ART;Articulé;true;18;39;124;163;2011-03-23;true;3;405;2;Leds;4;4;3;EURO 5;ADBLUE;1P;275/70 R22.5;ZF 6HP592 C Ecomat 2 Plus Kitas;OM 457HLA / Euro 5;ZF AV 132;Vénus gris;3;Pneumatique;Coulissante électrique;MIVOIE;KREN
911;911;;MERCEDES;CITARO ART;62803ACCGBFGLQ3H33X389702JD00;CITARO ART;Articulé;true;18;39;124;163;2011-03-23;true;3;405;2;Leds;4;4;3;EURO 5;ADBLUE;1P;275/70 R22.5;ZF 6HP592 C Ecomat 2 Plus Kitas;OM 457HLA / Euro 5;ZF AV 132;Vénus gris;3;Pneumatique;Coulissante électrique;MIVOIE;KREN
916;916;;MERCEDES;CITARO ART;62803ACCGBFGLQ3H33X389702JD00;CITARO ART;Articulé;true;18;39;124;163;2011-03-23;true;3;405;2;Leds;4;4;3;EURO 5;ADBLUE;1P;275/70 R22.5;ZF 6HP592 C Ecomat 2 Plus Kitas;OM 457HLA / Euro 5;ZF AV 132;Vénus gris;3;Pneumatique;Coulissante électrique;RENNES;KREN
917;917;;MERCEDES;CITARO ART;62803ACCGBFGLQ3H33X389702JD00;CITARO ART;Articulé;true;18;39;124;163;2011-03-23;true;3;405;2;Leds;4;4;3;EURO 5;ADBLUE;1P;275/70 R22.5;ZF 6HP592 C Ecomat 2 Plus Kitas;OM 457HLA / Euro 5;ZF AV 132;Vénus gris;3;Pneumatique;Coulissante électrique;RENNES;KREN
920;920;;MERCEDES;CITARO ART;62803ACCGBFGVQ3H33X389502J900;CITARO ART;Articulé;true;18;39;124;163;2012-01-13;true;3;405;2;Leds;4;4;3;EURO 5;ADBLUE;1P;275/70 R22.5;ZF 6HP592 C Ecomat 2 Plus Kitas;OM 457HLA / Euro 5;ZF AV 132;Vénus gris;3;Pneumatique;Coulissante électrique;MIVOIE;KREN
922;922;;MERCEDES;CITARO ART;62803ACCGBFGVQ3H33X389502J900;CITARO ART;Articulé;true;18;39;124;163;2012-01-13;true;3;405;2;Leds;4;4;3;EURO 5;ADBLUE;1P;275/70 R22.5;ZF 6HP592 C Ecomat 2 Plus Kitas;OM 457HLA / Euro 5;ZF AV 132;Vénus gris;3;Pneumatique;Coulissante électrique;MIVOIE;KREN
931;931;;MERCEDES;CITARO ART;62803ACCGBFGVQ3H33X389502J900;CITARO ART;Articulé;true;18;39;124;163;2012-01-13;true;3;405;2;Leds;4;4;3;EURO 5;ADBLUE;1P;275/70 R22.5;ZF 6HP592 C Ecomat 2 Plus Kitas;OM 457HLA / Euro 5;ZF AV 132;Vénus gris;3;Pneumatique;Coulissante électrique;MIVOIE;KREN
932;932;;MERCEDES;CITARO ART;62803ACCGBFGVQ3H33X389502J900;CITARO ART;Articulé;true;18;39;124;163;2012-01-13;true;3;405;2;Leds;4;4;3;EURO 5;ADBLUE;1P;275/70 R22.5;ZF 6HP592 C Ecomat 2 Plus Kitas;OM 457HLA / Euro 5;ZF AV 132;Vénus gris;3;Pneumatique;Coulissante électrique;MIVOIE;KREN
933;933;;MERCEDES;CITARO ART;62803ACCGBFGVQ3H33X389502J900;CITARO ART;Articulé;true;18;39;124;163;2012-01-13;true;3;405;2;Leds;4;4;3;EURO 5;ADBLUE;1P;275/70 R22.5;ZF 6HP592 C Ecomat 2 Plus Kitas;OM 457HLA / Euro 5;ZF AV 132;Vénus gris;3;Pneumatique;Coulissante électrique;MIVOIE;KREN
938;938;;MERCEDES;CITARO ART;;CITARO ART;Articulé;true;18;39;124;163;2013-02-14;true;3;430;2;Leds;4;4;3;EURO 5;ADBLUE;1P;275/70 R22.5;ZF Ecolife 6 AP;OM 457HLA / Euro 5;ZF AV 132;Vénus gris;3;Pneumatique;Coulissante électrique;MIVOIE;KREN
939;939;;MERCEDES;CITARO ART;;CITARO ART;Articulé;true;18;39;124;163;2013-02-14;true;3;430;2;Leds;4;4;3;EURO 5;ADBLUE;1P;275/70 R22.5;ZF Ecolife 6 AP;OM 457HLA / Euro 5;ZF AV 132;Vénus gris;3;Pneumatique;Coulissante électrique;MIVOIE;KREN
940;940;;MERCEDES;CITARO ART;;CITARO ART;Articulé;true;18;39;124;163;2013-02-14;true;3;430;2;Leds;4;4;3;EURO 5;ADBLUE;1P;275/70 R22.5;ZF Ecolife 6 AP;OM 457HLA / Euro 5;ZF AV 132;Vénus gris;3;Pneumatique;Coulissante électrique;MIVOIE;KREN
954;954;;MERCEDES;CITARO ART;;CITARO ART;Articulé;true;18;39;124;163;2013-02-14;true;3;430;2;Leds;4;4;3;EURO 5;ADBLUE;1P;275/70 R22.5;ZF Ecolife 6 AP;OM 457HLA / Euro 5;ZF AV 132;Vénus gris;3;Pneumatique;Coulissante électrique;MIVOIE;KREN
956;956;;MERCEDES;CITARO ART;;CITARO ART;Articulé;true;18;39;124;163;2013-02-14;true;3;430;2;Leds;4;4;3;EURO 5;ADBLUE;1P;275/70 R22.5;ZF Ecolife 6 AP;OM 457HLA / Euro 5;ZF AV 132;Vénus gris;3;Pneumatique;Coulissante électrique;MIVOIE;KREN
959;959;;MERCEDES;CITARO ART;;CITARO ART;Articulé;true;18;59;;;2014-06-26;true;3;430;2;Leds;4;4;3;EURO 6;ADBLUE;1P;275/70 R22.5;;;;Vénus gris;3;Pneumatique;Coulissante électrique;RENNES;KREN
1000;1000;;MERCEDES;CITARO STD;;CITARO STD;Standard;false;12;0;0;0;;true;2;;2;Leds;3;3;3;;;;;;;;;2;;;CHANTEPI;KARM
1005;1005;;MERCEDES;CITARO STD;;CITARO STD;Standard;false;12;0;0;0;;true;2;;2;Leds;3;3;3;;;;;;;;;2;;;CHANTEPI;KARM
1006;1006;;MERCEDES;CITARO STD;;CITARO STD;Standard;false;12;0;0;0;;true;2;;2;Leds;3;3;3;;;;;;;;;2;;;CHANTEPI;KARM
1007;1007;;MERCEDES;CITARO STD;;CITARO STD;Standard;false;12;0;0;0;;true;2;;2;Leds;3;3;3;;;;;;;;;2;;;CHANTEPI;KARM
1011;1011;;MERCEDES;CITARO STD;;CITARO STD;Standard;false;12;0;0;0;;true;2;;2;Leds;3;3;3;;;;;;;;;2;;;CHANTEPI;KARM
1012;1012;;MERCEDES;CITARO STD;;CITARO STD;Standard;false;12;0;0;0;;true;2;;2;Leds;3;3;3;;;;;;;;;2;;;CHANTEPI;KARM
1020;1020;;MAN;LIONS CITY;;LIONS CITY;Standard;false;12;0;0;0;;true;2;;2;Leds;3;3;3;;;;;;;;;2;;;CHANTEPI;KARM
1021;1021;;MAN;LIONS CITY;;LIONS CITY;Standard;false;12;0;0;0;;true;2;;2;Leds;3;3;3;;;;;;;;;2;;;CHANTEPI;KARM
1023;1023;;MAN;LIONS CITY;;LIONS CITY;Standard;false;12;0;0;0;;true;2;;2;Leds;3;3;3;;;;;;;;;2;;;CHANTEPI;KARM
1024;1024;;MAN;LIONS CITY;;LIONS CITY;Standard;false;12;0;0;0;;true;2;;2;Leds;3;3;3;;;;;;;;;2;;;CHANTEPI;KARM
1025;1025;;MAN;LIONS CITY;;LIONS CITY;Standard;false;12;0;0;0;;true;2;;2;Leds;3;3;3;;;;;;;;;2;;;CHANTEPI;KARM
1027;1027;;MAN;LIONS CITY;;LIONS CITY;Standard;false;12;0;0;0;;true;2;;2;Leds;3;3;3;;;;;;;;;2;;;CHANTEPI;KARM
1035;1035;;MAN;LIONS CITY;;LIONS CITY;Standard;false;12;0;0;0;;true;2;;2;Leds;3;3;3;;;;;;;;;2;;;CHANTEPI;KARM
1036;1036;;MAN;LIONS CITY;;LIONS CITY;Standard;false;12;0;0;0;;true;2;;2;Leds;3;3;3;;;;;;;;;2;;;CHANTEPI;KARM
1052;1052;;MERCEDES;CITARO ART;;CITARO ART;Articulé;false;18;0;0;0;;true;3;;2;Leds;3;4;3;;;;;;;;;3;;;CHARTRES;LINE
1056;1056;;MERCEDES;CITARO ART;;CITARO ART;Articulé;false;18;0;0;0;;true;3;;2;Leds;3;4;3;;;;;;;;;3;;;CHANTEPI;KARM
1057;1057;;MERCEDES;CITARO ART;;CITARO ART;Articulé;false;18;0;0;0;;true;3;;2;Leds;3;4;3;;;;;;;;;3;;;CHANTEPI;TIV
1070;1070;;MERCEDES;CITARO ART;;CITARO ART;Articulé;false;18;0;0;0;;true;3;;2;Leds;3;4;3;;;;;;;;;3;;;CHANTEPI;KARM
2008;2008;;SETRA;416NF 13M;;416NF 13M;;false;0;;;;2009-06-17;true;2;;2;Leds;3;3;3;;;;;;;;;2;;;MONTGERM;KARM
2013;2013;;SETRA;416NF 13M;;416NF 13M;;false;0;;;;2009-06-17;true;2;;2;Leds;3;3;3;;;;;;;;;2;;;MONTGERM;KARM
2048;2048;;MERCEDES;CITARO STD;;CITARO STD;;false;0;34;75;109;2012-07-19;true;2;;1;Leds;3;3;3;EURO 5;ADBLUE;;;;;;;2;;;MONTGERM;KARM
2064;2064;;IRISBUS;CROSSWAY;;CROSSWAY;;false;0;60;0;60;2008-07-08;true;2;;1;;;;3;;;;;;;;;2;;;MONTGERM;KARM
2065;2065;;IRISBUS;URBANWAY;;URBANWAY;;false;0;0;0;0;;true;2;;1;;;;3;;;;;;;;;2;;;MONTGERM;KARM
2068;2068;;MERCEDES;CITARO ART;;CITARO ART;;false;0;0;0;0;2014-02-27;true;3;;2;Leds;;4;3;;;;;;;;;3;;;CHANTEPI;KARM
2073;2073;;MERCEDES;CITARO ART;;CITARO ART;;false;0;0;0;0;2014-10-07;true;3;;2;Leds;;3;3;;;;;;;;;3;;;MONTGERM;KARM
2074;2074;;MERCEDES;CITARO ART;;CITARO ART;;false;0;0;0;0;2015-07-09;true;3;;2;Leds;;4;3;;;;;;;;;3;;;MONTGERM;KARM
2076;2076;;MERCEDES;CITARO ART;;CITARO ART;;false;0;0;0;0;2015-07-09;true;3;;2;Leds;;4;3;;;;;;;;;3;;;MONTGERM;KARM
2082;2082;;HEULIEZ;GX437;;GX437;;false;0;0;0;0;2014-02-27;true;3;;2;;3;4;3;EURO 6;ADBLUE;;;;;;;3;;;CHANTEPI;KARM
2084;2084;;HEULIEZ;GX437;;GX437;;false;0;0;0;0;;true;3;;2;;3;4;3;EURO 6;ADBLUE;;;;;;;3;;;MONTGERM;KARM
229;229;;MERCEDES;CITARO STD;530090926;CITARO STD;Standard;true;12;23;66;89;2009-03-18;true;2;613;2;Leds;3;3;3;EURO 5;ADBLUE;1K;275/70 R22.5;ZF 6HP502 C;OM 926LA / Euro 5;ZF AV 132;Vénus gris;3;Pneumatique;Coulissante électrique;RENNES;KREN
231;231;;MERCEDES;CITARO STD;530090926;CITARO STD;Standard;true;12;23;66;89;2009-03-18;true;2;613;2;Leds;3;3;3;EURO 5;ADBLUE;1K;275/70 R22.5;ZF 6HP502 C;OM 926LA / Euro 5;ZF AV 132;Vénus gris;3;Pneumatique;Coulissante électrique;RENNES;KREN
234;234;;MERCEDES;CITARO STD;530090926;CITARO STD;Standard;true;12;23;66;89;2009-03-18;true;2;613;2;Leds;3;3;3;EURO 5;ADBLUE;1K;275/70 R22.5;ZF 6HP502 C;OM 926LA / Euro 5;ZF AV 132;Vénus gris;3;Pneumatique;Coulissante électrique;RENNES;KREN
237;237;;MERCEDES;CITARO STD;530090926;CITARO STD;Standard;true;12;23;66;89;2009-03-18;true;2;613;2;Leds;3;3;3;EURO 5;ADBLUE;1K;275/70 R22.5;ZF 6HP502 C;OM 926LA / Euro 5;ZF AV 132;Vénus gris;3;Pneumatique;Coulissante électrique;MIVOIE;KREN
244;244;;MERCEDES;CITARO STD;62802AACEHBGXP3H330224402J900;CITARO STD;Standard;true;12;45;66;111;2012-01-13;true;2;610;2;Leds;3;3;3;EURO 5;ADBLUE;1K;275/70 R22.5;VOITH DIWA5 T2R0 / OM92;OM 926LA / Euro 5;ZF AV 132;Vénus gris;3;Pneumatique;Coulissante électrique;MIVOIE;KREN
247;247;;MERCEDES;CITARO STD;62802AACEHBGXP3H330224402J900;CITARO STD;Standard;true;12;45;66;111;2012-01-13;true;2;610;2;Leds;3;3;3;EURO 5;ADBLUE;1K;275/70 R22.5;VOITH DIWA5 T2R0 / OM92;OM 926LA / Euro 5;ZF AV 132;Vénus gris;3;Pneumatique;Coulissante électrique;RENNES;KREN
249;249;;MERCEDES;CITARO STD;62802AACEHBGXP3H330224402J900;CITARO STD;Standard;true;12;45;66;111;2012-01-13;true;2;610;2;Leds;3;3;3;EURO 5;ADBLUE;1K;275/70 R22.5;VOITH DIWA5 T2R0 / OM92;OM 926LA / Euro 5;ZF AV 132;Vénus gris;3;Pneumatique;Coulissante électrique;RENNES;KREN
2503;2503;;IVECO;CROSSWAY;;CROSSWAY;;false;0;0;0;0;2020-01-01;false;;;;;;;;;;;;;;;;;;;CHANTEPI;KARM
2505;2505;;IVECO;CROSSWAY;;CROSSWAY;;false;0;0;0;0;2020-01-01;false;;;;;;;;;;;;;;;;;;;CHANTEPI;KARM
251;251;;MERCEDES;CITARO STD;;CITARO STD;;false;0;44;0;44;2019-08-06;true;2;;2;;3;3;3;EURO 6;ADBLUE;;;;;;;3;;;CHANTEPI;KARM
2511;2511;;IVECO;CROSSWAY;;CROSSWAY;;false;0;0;0;0;2024-08-28;false;;;;;;;;;;;;;;;;;;;MONTGERM;KARM
2514;2514;;IVECO;CROSSWAY;;CROSSWAY;;false;0;0;0;0;2024-09-03;false;;;;;;;;;;;;;;;;;;;MONTGERM;KARM
2515;2515;;IVECO;CROSSWAY;;CROSSWAY;;false;0;0;0;0;2024-09-03;false;;;;;;;;;;;;;;;;;;;MONTGERM;KARM
3010;3010;;IRISBUS;CITELIS STD;;CITELIS STD;;false;0;0;0;0;1997-11-28;true;2;;;Pastilles;;3;2;;;;;;;;;2;;;STJACQUE;JOLL
3015;3015;;IRISBUS;CITELIS STD;;CITELIS STD;;false;0;;;;2006-06-01;true;2;;;;;3;2;;;;;;;;;2;;;STJACQUE;JOLL
3024;3024;;IRISBUS;CITELIS STD;;CITELIS STD;;false;0;0;0;0;2015-11-20;true;2;;1;;;3;2;;;;;;;;;2;;;STJACQUE;JOLL
3027;3027;;IVECO;URBANWAY;;URBANWAY;;false;0;0;0;0;2016-06-08;true;2;;2;Leds;3;3;3;EURO 6;;;;;;;;2;;;STJACQUE;JOLL
342;342;;MERCEDES;ECITARO 18M;;ECITARO 18M;Articulé;true;18;52;0;52;2023-08-21;true;4;;2;Leds;3;4;3;NC;NC;;275/70 R22.5;NC;NC;NC;;4;Pneumatique;Coulissante électrique;RENNES;KREN
345;345;;MERCEDES;ECITARO 18M;;ECITARO 18M;Articulé;true;18;0;0;0;2023-08-21;true;4;;2;Leds;3;4;3;NC;NC;;275/70 R22.5;NC;;;;4;;;RENNES;KREN
3513;3513;;IRISBUS;RECREO;;RECREO;;false;0;0;0;0;2009-03-27;false;0;;;;0;0;1;;;;;;;;;2;;;STJACQUE;JOLL
3516;3516;;IRISBUS;Récréo;;Récréo;;false;0;;;;;false;0;;0;;;;1;;;;;;;;;2;;;STJACQUE;JOLL
352;352;;MERCEDES;ECITARO 18M;;ECITARO 18M;Articulé;true;18;0;0;0;2024-05-24;true;4;;2;Leds;3;4;3;NC;NC;;275/70 R22.5;NC;;;;4;;;RENNES;KREN
3540;3540;;IVECO;CROSSWAY;;CROSSWAY;;false;0;0;0;0;;false;;;;;;;;;;;;;;;;;;;STJACQUE;JOLL
355;355;;MERCEDES;ECITARO 18M;;ECITARO 18M;Articulé;true;18;0;0;0;2024-05-03;true;4;;2;Leds;3;4;3;NC;NC;;275/70 R22.5;NC;;;;4;;;RENNES;KREN
359;359;;MERCEDES;ECITARO 18M;;ECITARO 18M;Articulé;true;18;0;0;0;2024-05-24;true;4;;2;;3;4;3;NC;NC;;275/70 R22.5;NC;;;;4;;;RENNES;KREN
365;365;;MERCEDES;ECITARO 18M;;ECITARO 18M;Articulé;true;18;0;0;0;2024-05-24;true;4;;2;Leds;3;4;3;NC;NC;;275/70 R22.5;NC;;;;4;;;RENNES;KREN
366;366;;MERCEDES;ECITARO 18M;;ECITARO 18M;Articulé;true;18;0;0;0;2024-05-24;true;4;;2;Leds;3;4;3;NC;NC;;275/70 R22.5;NC;;;;4;;;RENNES;KREN
368;368;;MERCEDES;ECITARO 18M;;ECITARO 18M;Articulé;true;18;0;0;0;2024-07-05;true;4;;2;Leds;3;4;3;NC;NC;;275/70 R22.5;NC;;;;4;;;RENNES;KREN
373;373;;MERCEDES;ECITARO 18M;;ECITARO 18M;Articulé;true;18;0;0;0;2025-01-16;true;4;;2;Leds;3;4;3;NC;NC;;275/70 R22.5;NC;;;;4;;;RENNES;KREN
383;383;;MERCEDES;ECITARO 18M;;ECITARO 18M;Articulé;true;18;0;0;0;2025-03-07;true;4;;2;Leds;3;4;3;NC;NC;;275/70 R22.5;NC;;;;4;;;RENNES;KREN
384;384;;MERCEDES;ECITARO 18M;;ECITARO 18M;Articulé;true;18;0;0;0;2025-04-18;true;4;;2;Leds;3;4;3;NC;NC;;275/70 R22.5;NC;;;;4;;;RENNES;KREN
4006;4006;;MAN;Lions City;;Lions City;;false;0;0;0;0;;true;2;;2;Leds;3;3;3;;;;;;;;;2;;;CHANTEPI;TIV
4007;4007;;MAN;Lions City;;Lions City;;false;0;0;0;0;;true;2;;1;Leds;3;3;3;EURO 6;;;;;;;;2;;;CHANTEPI;TIV
4023;4023;;IRISBUS;CITELIS STD;;CITELIS STD;;false;0;0;0;0;1998-10-02;true;2;;1;Pastilles;3;3;3;;;;;;;;;2;;;CHANTEPI;TIV
4025;4025;;MAN;Lions City;B.2018.858.00312C18BZZZZAX6AAH8BBJ;Lions City;;false;0;29;85;114;2022-11-04;true;2;;1;Leds;3;3;3;EURO 6;;;;;;;;3;;;CHANTEPI;TIV
4037;4037;;IVECO;URBANWAY;PSECGTBUJ;URBANWAY;;false;0;0;0;0;2024-12-27;true;2;;2;Leds;3;3;3;;;;;;;;;3;;;CHANTEPI;TIV
4038;4038;;IVECO;URBANWAY;PSECGTBUJ;URBANWAY;;false;0;0;0;0;2024-12-27;true;2;;2;Leds;3;3;3;;;;;;;;;3;;;CHANTEPI;TIV
443;443;;MERCEDES;ECITARO 12M;;ECITARO 12M;Standard;true;12;0;0;0;2023-11-07;true;2;;2;;3;3;3;NC;;;275/70 R22.5;NC;;;;3;;;RENNES;KREN
4506;4506;;IRISBUS;RECREO;;RECREO;;false;0;0;0;0;;false;0;;0;;0;0;1;;;;;;;;;2;;;CHANTEPI;TIV
4514;4514;;IVECO;CROSSWAY;;CROSSWAY;;false;0;0;0;0;;false;;;;;;;;;;;;;;;;;;;CHANTEPI;TIV
4518;4518;;IVECO;CROSSWAY;;CROSSWAY;;false;0;0;0;0;2020-01-01;false;;;;;;;;;;;;;;;;;;;CHANTEPI;TIV
454;454;;MERCEDES;ECITARO 12M;;ECITARO 12M;Standard;true;12;0;0;0;2023-11-28;true;2;;2;Leds;3;3;3;NC;NC;;275/70 R22.5;NC;;;;3;;;RENNES;KREN
455;455;;MERCEDES;ECITARO 12M;;ECITARO 12M;Standard;true;12;0;0;0;2023-11-20;true;2;;2;Leds;3;3;3;NC;NC;;275/70 R22.5;NC;;;;3;;;RENNES;KREN
461;461;;MERCEDES;ECITARO 12M;;ECITARO 12M;Standard;true;12;0;0;0;2024-07-05;true;2;;2;Leds;3;3;3;NC;NC;;275/70 R22.5;NC;;;;3;;;RENNES;KREN
463;463;;MERCEDES;ECITARO 12M;;ECITARO 12M;Standard;true;12;0;0;0;2024-05-03;true;2;;2;Leds;3;3;3;NC;NC;;275/70 R22.5;NC;;;;3;;;RENNES;KREN
464;464;;MERCEDES;ECITARO 12M;;ECITARO 12M;Standard;true;12;0;0;0;2024-07-05;true;2;;2;Leds;3;3;3;NC;NC;;275/70 R22.5;NC;;;;3;;;RENNES;KREN
5001;5001;;MAN;Lions City;;Lions City;;false;0;40;47;87;2022-07-07;true;2;;1;Leds;3;3;3;;;;;;;;;2;;;CHARTRES;LINE
5007;5007;;SETRA;415 NF;;415 NF;;false;0;0;0;0;;true;2;;1;NC;0;3;3;;;;;;;;;2;;;CHARTRES;LINE
5009;5009;;MAN;Lions City;;Lions City;;false;0;;;;;true;;;2;Leds;3;3;3;;;;;;;;;2;;;CHARTRES;LINE
5012;5012;;MAN;Lions City;;Lions City;;false;0;;;;;true;2;;2;;3;3;3;;;;;;;;;2;;;CHARTRES;LINE
5014;5014;;MAN;Lions City;;Lions City;;false;0;0;0;0;;true;2;;2;leds;3;3;3;;;;;;;;;2;;;CHARTRES;LINE
5500;5500;;FAST;SCOLER 5;;SCOLER 5;;false;0;0;0;0;;false;;;;;;;1;;;;;;;;;2;;;CHARTRES;LINE
5503;5503;;FAST;SCOLER 5;;SCOLER 5;;false;0;0;0;0;;false;;;;;;;1;;;;;;;;;2;;;CHARTRES;LINE
5512;5512;;;;;;;false;0;0;0;0;;false;0;;0;;;;1;;;;;;;;;2;;;CHARTRES;
5516;5516;;SCANIA;FENCER;;FENCER;;false;0;0;0;0;;false;;;;;;;;;;;;;;;;;;;CHARTRES;LINE
5520;5520;;SCANIA;FENCER;;FENCER;;false;0;0;0;0;;false;;;;;;;;;;;;;;;;;;;CHARTRES;LINE
5522;5522;;SCANIA;FENCER;;FENCER;;false;0;0;0;0;;false;;;;;;;;;;;;;;;;;;;CHARTRES;LINE
5523;5523;;SCANIA;FENCER;;FENCER;;false;0;0;0;0;;false;;;;;;;;;;;;;;;;;;;CHARTRES;LINE
5524;5524;;SCANIA;FENCER;;FENCER;;false;0;0;0;0;;false;;;;;;;;;;;;;;;;;;;CHARTRES;LINE
5525;5525;;SCANIA;FENCER;;FENCER;;false;0;0;0;0;;false;;;;;;;;;;;;;;;;;;;CHARTRES;LINE
5534;5534;;SCANIA;FENCER;;FENCER;;false;0;0;0;0;2024-01-01;false;;;;;;;;;;;;;;;;;;;CHARTRES;LINE
6009;6009;;SETRA;315NF STD;;315NF STD;;false;0;0;0;0;;false;2;;2;Leds;3;3;3;;;;;;;;;2;;;MONTGERM;KARM
6012;6012;;SETRA;315NF STD;;315NF STD;;false;0;;;;;true;2;;1;Pastilles;3;3;3;;;;;;;;;2;;;MONTGERM;KARM
6014;6014;;SETRA;315NF STD;;315NF STD;;false;0;36;79;115;2001-10-02;true;2;;1;Pastilles;3;0;3;;;;;;;;;2;;;MONTGERM;KARM
602;602;;MERCEDES;CITARO 13M;530 M 906;CITARO 13M;Standard;true;13;39;64;103;2010-04-13;true;2;800;2;Leds;3;3;3;EURO 5;ADBLUE;1K;275/70 R22.5;ZF 6HP502 Ecomat 2 plus;OM 906HLA / Euro 5;ZF AV 132;Vénus gris;2;Pneumatique;Coulissante électrique;RENNES;KREN
6025;6025;;MERCEDES;CITARO STD;;CITARO STD;;false;0;33;75;108;2012-06-21;true;2;;2;Leds;3;3;3;EURO 5;;;;;;;;2;;;MONTGERM;KARM
603;603;;MERCEDES;CITARO 13M;530 M 906;CITARO 13M;Standard;true;13;39;64;103;2010-04-13;true;2;800;2;Leds;3;3;3;EURO 5;ADBLUE;1K;275/70 R22.5;ZF 6HP502 Ecomat 2 plus;OM 906HLA / Euro 5;ZF AV 132;Vénus gris;2;Pneumatique;Coulissante électrique;RENNES;KREN
6030;6030;;IVECO;URBANWAY;;URBANWAY;;false;0;0;0;0;2023-07-31;true;2;;1;Leds;3;3;3;;;;;;;;;2;;;CHANTEPI;KARM
6041;6041;;IVECO;URBANWAY;;URBANWAY;;false;0;0;0;0;2023-09-05;true;2;;1;Leds;3;3;3;;;;;;;;;2;;;CHANTEPI;KARM
609;609;;MERCEDES;CITARO 13M;62802ABCEFBGSQ3H320316402JB00;CITARO 13M;Standard;true;13;49;64;113;2011-03-23;true;2;810;2;Leds;3;3;3;EURO 5;ADBLUE;1K;275/70 R22.5;VOITH DIWA5 T2R0 / OM92;OM 906HLA / Euro 5;ZF AV 132;Vénus gris;2;Pneumatique;Coulissante électrique;RENNES;KREN
612;612;;MERCEDES;CITARO 13M;62802ABCEFBGSQ3H320316402JB00;CITARO 13M;Standard;true;13;39;64;103;2011-03-23;true;2;810;2;Leds;3;3;3;EURO 5;ADBLUE;1K;275/70 R22.5;VOITH DIWA5 T2R0 / OM92;OM 906HLA / Euro 5;ZF AV 132;Vénus gris;2;Pneumatique;Coulissante électrique;MIVOIE;KREN
613;613;;MERCEDES;CITARO 13M;62802ABCEFBGSQ3H320316402JB00;CITARO 13M;Standard;true;13;39;64;103;2011-03-23;true;2;810;2;Leds;3;3;3;EURO 5;ADBLUE;1K;275/70 R22.5;VOITH DIWA5 T2R0 / OM92;OM 906HLA / Euro 5;ZF AV 132;Vénus gris;2;Pneumatique;Coulissante électrique;MIVOIE;KREN
709;709;;MERCEDES;CITARO ART;;CITARO ART;Articulé;true;18;35;119;154;2014-07-31;true;3;429;2;Leds;4;4;3;EURO 6;ADBLUE;1P;275/70 R22.5;ZF Ecolife 6 AP;OM 470 LA / Euro 6;ZF AV 132;Vénus gris;3;Pneumatique;Coulissante électrique;RENNES;KREN
711;711;;MERCEDES;CITARO ART;;CITARO ART;Articulé;true;18;35;119;154;2014-07-31;true;3;429;2;Leds;4;4;3;EURO 6;ADBLUE;1P;275/70 R22.5;ZF Ecolife 6 AP;OM 470 LA / Euro 6;ZF AV 132;Vénus gris;3;Pneumatique;Coulissante électrique;RENNES;KREN
712;712;;MERCEDES;CITARO ART;;CITARO ART;Articulé;true;18;35;119;154;2014-07-31;true;3;429;2;Leds;4;4;3;EURO 6;ADBLUE;1P;275/70 R22.5;ZF Ecolife 6 AP;OM 470 LA / Euro 6;ZF AV 132;Vénus gris;3;Pneumatique;Coulissante électrique;RENNES;KREN
713;713;;MERCEDES;CITARO ART;;CITARO ART;Articulé;true;18;35;119;154;2014-07-31;true;3;429;2;Leds;4;4;3;EURO 6;ADBLUE;1P;275/70 R22.5;ZF Ecolife 6 AP;OM 470 LA / Euro 6;ZF AV 132;Vénus gris;3;Pneumatique;Coulissante électrique;RENNES;KREN
728;728;;MERCEDES;CITARO ART;62803HK1GKEAW13F13X357802JA00;CITARO ART;Articulé;true;18;35;119;154;2015-03-16;true;3;440;2;Leds;4;4;3;EURO 6;ADBLUE;1P;275/70 R22.5;ZF Ecolife 6 AP;OM 470 LA / Euro 6;ZF AV 132;Vénus gris;3;Pneumatique;Coulissante électrique;RENNES;KREN
730;730;;MERCEDES;CITARO ART;62803HK1GKEAW13F13X357802JA00;CITARO ART;Articulé;true;18;35;119;154;2015-03-18;true;3;440;2;Leds;4;4;3;EURO 6;ADBLUE;1P;275/70 R22.5;ZF Ecolife 6 AP;OM 470 LA / Euro 6;ZF AV 132;Vénus gris;3;Pneumatique;Coulissante électrique;RENNES;KREN
731;731;;MERCEDES;CITARO ART;62803HK1GKEAW13F13X357802JA00;CITARO ART;Articulé;true;18;35;119;154;2015-03-19;true;3;440;2;Leds;4;4;3;EURO 6;ADBLUE;1P;275/70 R22.5;ZF Ecolife 6 AP;OM 470 LA / Euro 6;ZF AV 132;Vénus gris;3;Pneumatique;Coulissante électrique;RENNES;KREN
737;737;;MERCEDES;CITARO ART;62803HK1GKEBW13F13X357802JA00;CITARO ART;Articulé;true;18;35;119;154;2015-11-10;true;3;440;2;Leds;4;4;3;EURO 6;ADBLUE;;;ZF Ecolife 6 AP;OM 470 LA / Euro 6;ZF AV 132;Vénus gris;3;Pneumatique;Coulissante électrique;RENNES;KREN
741;741;;MERCEDES;CITARO ART;62803HK1GKEBW13F13X357802JA00;CITARO ART;Articulé;true;18;35;119;154;2015-11-17;true;3;440;2;Leds;4;4;3;EURO 6;ADBLUE;1P;;ZF Ecolife 6 AP;OM 470 LA / Euro 6;ZF AV 132;Vénus gris;3;Pneumatique;Coulissante électrique;RENNES;KREN
742;742;;MERCEDES;CITARO ART;62803HK1GKEBW13F13X357802JA00;CITARO ART;Articulé;true;18;35;119;154;2015-11-18;true;3;440;2;Leds;4;4;3;EURO 6;ADBLUE;1P;;ZF Ecolife 6 AP;OM 470 LA / Euro 6;ZF AV 132;Vénus gris;3;Pneumatique;Coulissante électrique;RENNES;KREN
749;749;;MERCEDES;CITARO ART;62803HK1GKEBW13F13X357802JA00;CITARO ART;Articulé;true;18;35;119;154;2015-11-26;true;3;440;2;Leds;4;4;3;EURO 6;ADBLUE;1P;;ZF Ecolife 6 AP;OM 470 LA / Euro 6;ZF AV 132;Vénus gris;3;Pneumatique;Coulissante électrique;RENNES;KREN
7503;7503;;IVECO;CROSSWAY;;CROSSWAY;;false;0;0;0;0;;false;0;;0;NC;0;0;1;NC;NC;NC;;NC;NC;NC;NC;2;NC;NC;MESSAC;ORAI
7504;7504;;IVECO;CROSSWAY;;CROSSWAY;;false;0;0;0;0;;false;;;;;;;1;;;;;;;;;;;;MESSAC;ORAI
7505;7505;;MERCEDES;;;;;false;0;0;0;0;;false;;;;;;;1;;;;;;;;;;;;MESSAC;ORAI
751;751;;MERCEDES;CITARO ART;62803HK1GKEBW13F13X357802JA00;CITARO ART;Articulé;true;18;35;119;154;2015-12-01;true;3;440;2;Leds;4;4;3;EURO 6;ADBLUE;1P;;ZF Ecolife 6 AP;OM 470 LA / Euro 6;ZF AV 132;Vénus gris;3;Pneumatique;Coulissante électrique;RENNES;KREN
903;903;;MERCEDES;CITARO ART;530283457;CITARO ART;Articulé;true;18;39;124;163;2010-04-13;true;3;405;2;Leds;4;4;3;EURO 5;ADBLUE;1P;275/70 R22.5;ZF 6HP592 C Ecomat 2 Plus Kitas;OM 457HLA / Euro 5;ZF AV 132;Vénus gris;3;Pneumatique;Coulissante électrique;MIVOIE;KREN
919;919;;MERCEDES;CITARO ART;62803ACCGBFGLQ3H33X389702JD00;CITARO ART;Articulé;true;18;39;124;163;2011-03-23;true;3;405;2;Leds;4;4;3;EURO 5;ADBLUE;1P;275/70 R22.5;ZF 6HP592 C Ecomat 2 Plus Kitas;OM 457HLA / Euro 5;ZF AV 132;Vénus gris;3;Pneumatique;Coulissante électrique;RENNES;KREN
928;928;;MERCEDES;CITARO ART;62803ACCGBFGVQ3H33X389502J900;CITARO ART;Articulé;true;18;39;124;163;2012-01-13;true;3;405;2;Leds;4;4;3;EURO 5;ADBLUE;1P;275/70 R22.5;ZF 6HP592 C Ecomat 2 Plus Kitas;OM 457HLA / Euro 5;ZF AV 132;Vénus gris;3;Pneumatique;Coulissante électrique;MIVOIE;KREN
950;950;;MERCEDES;CITARO ART;;CITARO ART;Articulé;true;18;39;124;163;2013-02-14;true;3;430;2;Leds;4;4;3;EURO 5;ADBLUE;1P;275/70 R22.5;ZF Ecolife 6 AP;OM 457HLA / Euro 5;ZF AV 132;Vénus gris;3;Pneumatique;Coulissante électrique;MIVOIE;KREN
960;960;;MERCEDES;CITARO ART;;CITARO ART;Articulé;true;18;59;;;2014-07-31;true;3;430;2;Leds;4;4;3;EURO 6;ADBLUE;1P;275/70 R22.5;;;;Vénus gris;3;Pneumatique;Coulissante électrique;RENNES;KREN
961;961;;MERCEDES;CITARO ART;;CITARO ART;Articulé;true;18;59;;;2014-07-31;true;3;430;2;Leds;4;4;3;EURO 6;ADBLUE;1P;275/70 R22.5;;;;Vénus gris;3;Pneumatique;Coulissante électrique;RENNES;KREN
1002;1002;;MERCEDES;CITARO STD;;CITARO STD;Standard;false;12;0;0;0;;true;2;;2;Leds;3;3;3;;;;;;;;;2;;;CHANTEPI;KARM
1004;1004;;MERCEDES;CITARO STD;;CITARO STD;Standard;false;12;0;0;0;;true;2;;2;Leds;3;3;3;;;;;;;;;2;;;CHANTEPI;KARM
1008;1008;;MERCEDES;CITARO STD;;CITARO STD;Standard;false;12;0;0;0;;true;2;;2;Leds;3;3;3;;;;;;;;;2;;;CHANTEPI;KARM
1009;1009;;MERCEDES;CITARO STD;;CITARO STD;Standard;false;12;0;0;0;;true;2;;2;Leds;3;3;3;;;;;;;;;2;;;CHANTEPI;KARM
1022;1022;;MAN;LIONS CITY;;LIONS CITY;Standard;false;12;0;0;0;;true;2;;2;Leds;3;3;3;;;;;;;;;2;;;CHANTEPI;KARM
1028;1028;;MAN;LIONS CITY;;LIONS CITY;Standard;false;12;0;0;0;;true;2;;2;Leds;3;3;3;;;;;;;;;2;;;CHANTEPI;KARM
1030;1030;;MAN;LIONS CITY;;LIONS CITY;Standard;false;12;0;0;0;;true;2;;2;Leds;3;3;3;;;;;;;;;2;;;CHANTEPI;KARM
1033;1033;;MAN;LIONS CITY;;LIONS CITY;Standard;false;12;0;0;0;;true;2;;2;Leds;3;3;3;;;;;;;;;2;;;CHANTEPI;KARM
1034;1034;;MAN;LIONS CITY;;LIONS CITY;Standard;false;12;0;0;0;;true;2;;2;Leds;3;3;3;;;;;;;;;2;;;CHANTEPI;KARM
1051;1051;;MERCEDES;CITARO ART;;CITARO ART;Articulé;false;18;0;0;0;;true;3;;2;Leds;3;4;3;;;;;;;;;3;;;CHARTRES;LINE
1054;1054;;MERCEDES;CITARO ART;;CITARO ART;Articulé;false;18;0;0;0;;true;3;;2;Leds;3;4;3;;;;;;;;;3;;;CHARTRES;LINE
1055;1055;;MERCEDES;CITARO ART;;CITARO ART;Articulé;false;18;0;0;0;;true;3;;2;Leds;3;4;3;;;;;;;;;3;;;STJACQUE;JOLL
1066;1066;;MERCEDES;CITARO ART;;CITARO ART;Articulé;false;18;0;0;0;;true;3;;2;Leds;3;4;3;;;;;;;;;3;;;CHARTRES;LINE
2002;2002;;MERCEDES;CITARO STD;;CITARO STD;;false;0;0;0;0;2010-06-15;true;2;;2;Pastilles;3;3;3;;;;;;;;;2;;;CHANTEPI;KARM
2003;2003;;MERCEDES;CITARO STD;;CITARO STD;;false;0;0;0;0;2010-06-15;true;2;;2;Pastilles;3;3;3;;;;;;;;;2;;;CHANTEPI;KARM
2014;2014;;SETRA;416NF 13M;;416NF 13M;;false;0;;;;2009-06-16;true;2;;2;Leds;3;3;3;;;;;;;;;2;;;MONTGERM;KARM
2028;2028;;IVECO;URBANWAY;;URBANWAY;;false;0;0;0;0;2022-10-13;true;2;;1;Leds;3;3;3;;;;;;;;;2;;;CHANTEPI;KARM
2033;2033;;MERCEDES;CITARO STD;;CITARO STD;;false;0;0;0;0;2014-09-22;true;2;;2;Leds;;3;3;;;;;;;;;2;;;MONTGERM;KARM
2041;2041;;MERCEDES;CITARO STD;;CITARO STD;;false;0;0;0;0;2014-12-09;true;2;;2;Leds;3;3;3;;;;;;;;;3;;;MONTGERM;KARM
2051;2051;;MERCEDES;CITARO STD;;CITARO STD;;false;0;34;75;109;2012-07-27;true;2;;1;Leds;3;3;3;EURO 5;ADBLUE;;;;;;;2;;;CHANTEPI;KARM
2052;2052;;MERCEDES;CITARO STD;;CITARO STD;;false;0;34;75;109;2012-07-27;true;2;;1;Leds;3;3;3;EURO 5;ADBLUE;;;;;;;2;;;CHANTEPI;KARM
2053;2053;;MERCEDES;CITARO ART;;CITARO ART;;false;0;0;0;0;2014-02-27;true;3;;2;Leds;;4;3;;;;;;;;;3;;;CHANTEPI;KARM
2054;2054;;MERCEDES;CITARO STD;;CITARO STD;;false;0;0;0;0;2013-07-26;true;2;;2;LEDS;3;3;3;;;;;;;;;2;;;MONTGERM;KARM
2055;2055;;MERCEDES;CITARO STD;;CITARO STD;;false;0;0;0;0;2013-07-26;true;2;;2;LEDS;3;3;3;;;;;;;;;2;;;MONTGERM;KARM
2057;2057;;MERCEDES;CITARO STD;;CITARO STD;;false;0;0;0;0;2013-07-26;true;2;;2;LEDS;3;3;3;;;;;;;;;2;;;MONTGERM;KARM
2071;2071;;MERCEDES;CITARO ART;;CITARO ART;Articulé;true;18;0;0;0;2014-10-07;true;3;;2;Leds;;3;3;EURO 5;;;;;;;;3;;;RENNES;KREN
2077;2077;;MERCEDES;CITARO ART;;CITARO ART;;false;0;0;0;0;2015-07-13;true;3;;2;Leds;;4;3;;;;;;;;;3;;;CHANTEPI;KARM
2079;2079;;MERCEDES;CITARO ART;;CITARO ART;;false;0;0;0;0;2018-07-17;true;3;;2;Leds;4;3;3;EURO 6;;;;;;;;3;;;MONTGERM;KARM
2080;2080;;HEULIEZ;GX437;;GX437;;false;0;0;0;0;2014-02-27;true;3;;2;Leds;3;4;3;EURO 6;ADBLUE;;;;;;;3;;;CHANTEPI;KARM
2083;2083;;HEULIEZ;GX437;;GX437;;false;0;0;0;0;2014-02-27;true;3;;2;;3;4;3;EURO 6;ADBLUE;;;;;;;3;;;CHANTEPI;KARM
2087;2087;;HEULIEZ;GX437;;GX437;;false;0;0;0;0;2014-02-27;true;2;;2;Leds;3;4;3;EURO 6;ADBLUE;;;;;;;3;;;CHANTEPI;KARM
221;221;;MERCEDES;CITARO STD;530090926;CITARO STD;Standard;true;12;23;66;89;2008-05-05;true;2;613;2;Leds;3;3;3;EURO 5;ADBLUE;1K;275/70 R22.5;ZF 6HP502 C;OM 926LA / Euro 5;ZF AV 132;Vénus gris;3;Pneumatique;Coulissante électrique;RENNES;KREN
222;222;;MERCEDES;CITARO STD;530090926;CITARO STD;Standard;true;12;23;66;89;2008-05-05;true;2;613;2;Leds;3;3;3;EURO 5;ADBLUE;1K;275/70 R22.5;ZF 6HP502 C;OM 926LA / Euro 5;ZF AV 132;Vénus gris;3;Pneumatique;Coulissante électrique;RENNES;KREN
230;230;;MERCEDES;CITARO STD;530090926;CITARO STD;Standard;true;12;23;66;89;2009-03-18;true;2;613;2;Leds;3;3;3;EURO 5;ADBLUE;1K;275/70 R22.5;ZF 6HP502 C;OM 926LA / Euro 5;ZF AV 132;Vénus gris;3;Pneumatique;Coulissante électrique;RENNES;KREN
240;240;;MERCEDES;CITARO STD;530090926;CITARO STD;Standard;true;12;23;66;89;2010-04-13;true;2;613;2;Leds;3;3;3;EURO 5;ADBLUE;1K;275/70 R22.5;VOITH DIWA5 T2R0 / OM92;OM 926LA / Euro 5;ZF AV 132;Vénus gris;3;Pneumatique;Coulissante électrique;MIVOIE;KREN
2500;2500;;IRISBUS;AXER;;AXER;;false;0;0;0;0;2011-10-24;false;;;0;;;;1;;;;;;;;;2;;;MONTGERM;KARM
2502;2502;;IRISBUS;ARWAY;VNESFR1600M004303;ARWAY;;false;0;0;0;0;2008-07-16;false;;;;;;;1;;;;;;;;;2;;;MONTGERM;KARM
2504;2504;;IVECO;CROSSWAY;;CROSSWAY;;false;0;0;0;0;2020-01-01;false;;;;;;;;;;;;;;;;;;;CHANTEPI;KARM
2507;2507;;IVECO;CROSSWAY;;CROSSWAY;;false;0;0;0;0;2020-01-01;false;;;;;;;;;;;;;;;;;;;CHANTEPI;KARM
254;254;;MERCEDES;CITARO STD;;CITARO STD;;false;0;44;0;44;2019-08-06;true;2;;2;;3;3;3;EURO 6;ADBLUE;;;;;;;3;;;CHANTEPI;KARM
3001;3001;;IRISBUS;CITELIS STD;;CITELIS STD;;false;0;30;65;95;2010-01-06;true;2;;2;Leds;3;3;3;;;;;;;;;2;;;STJACQUE;JOLL
3003;3003;;VAN HOOL;A320 STD;NEW A320C;A320 STD;;false;0;34;71;105;2006-09-21;true;2;;1;Pastilles;3;3;2;;;;;;;;;2;;;STJACQUE;JOLL
3004;3004;;IRISBUS;CITELIS STD;;CITELIS STD;;false;0;;;;;true;2;;1;Pastilles;3;3;3;;;;;;;;;2;;;STJACQUE;JOLL
3005;3005;;IRISBUS;CITELIS STD;;CITELIS STD;;false;0;;;;;true;2;;1;Pastilles;3;3;3;;;;;;;;;2;;;STJACQUE;JOLL
3006;3006;;SETRA;315NF STD;;315NF STD;;false;0;0;0;0;2004-06-18;true;2;;;Pastilles;;3;2;;;;;;;;;2;;;STJACQUE;JOLL
3009;3009;;IRISBUS;CITELIS STD;;CITELIS STD;;false;0;0;0;0;2006-06-01;true;2;;1;;;3;3;;;;;;;;;2;;;STJACQUE;JOLL
3011;3011;;IRISBUS;CITELIS STD;;CITELIS STD;;false;0;;;;2006-06-01;true;2;;1;;;3;3;;;;;;;;;2;;;STJACQUE;JOLL
3013;3013;;IRISBUS;CITELIS STD;;CITELIS STD;;false;0;;;;2006-06-01;true;2;;;;;3;2;;;;;;;;;2;;;STJACQUE;JOLL
3018;3018;;IRISBUS;CITELIS STD;;CITELIS STD;;false;0;;;;2006-06-01;true;2;;;;;3;2;;;;;;;;;2;;;STJACQUE;JOLL
3023;3023;;IRISBUS;CITELIS STD;;CITELIS STD;;false;0;0;0;0;2015-11-03;true;2;;2;;;3;2;;;;;;;;;2;;;STJACQUE;JOLL
344;344;;MERCEDES;ECITARO 18M;;ECITARO 18M;Articulé;true;18;52;0;52;2023-08-21;true;4;;2;Leds;3;4;3;NC;NC;;275/70 R22.5;NC;;;;4;Pneumatique;Coulissante électrique;RENNES;KREN
346;346;;MERCEDES;ECITARO 18M;;ECITARO 18M;Articulé;true;18;0;0;0;2023-08-21;true;4;;2;Leds;3;4;3;NC;NC;;275/70 R22.5;NC;;;;4;;;RENNES;KREN
347;347;;MERCEDES;ECITARO 18M;;ECITARO 18M;Articulé;true;18;0;0;0;2023-10-16;true;4;;2;Leds;3;4;3;NC;NC;;275/70 R22.5;NC;;;;4;;;RENNES;KREN
3500;3500;;IVECO;ARWAY;;ARWAY;;false;0;0;0;0;;false;0;;0;NC;0;0;1;NC;;;;NC;NC;NC;NC;2;NC;NC;STJACQUE;JOLL
3509;3509;;IRISBUS;RECREO;;RECREO;;false;0;0;0;0;2007-08-13;false;;;;;;;;;;;;;;;;;;;STJACQUE;JOLL
3510;3510;;IRISBUS;CROSSWAY;;CROSSWAY;;false;0;;;;;false;;;;;;;1;;;;;;;;;2;;;STJACQUE;JOLL
3511;3511;;IRISBUS;ARES;;ARES;;false;0;0;0;0;2013-07-28;false;0;;0;NC;0;0;1;NC;;;;NC;NC;NC;NC;2;NC;NC;STJACQUE;JOLL
3517;3517;;IVECO;CROSSWAY;;CROSSWAY;;false;0;0;0;0;2022-08-01;false;;;;;;;;;;;;;;;;;;;STJACQUE;JOLL
3536;3536;;IVECO;CROSSWAY;;CROSSWAY;;false;0;0;0;0;;false;;;;;;;;;;;;;;;;;;;STJACQUE;JOLL
3537;3537;;IVECO;CROSSWAY;;CROSSWAY;;false;0;0;0;0;;false;;;;;;;;;;;;;;;;;;;STJACQUE;JOLL
3538;3538;;IVECO;CROSSWAY;;CROSSWAY;;false;0;0;0;0;;false;;;;;;;;;;;;;;;;;;;STJACQUE;JOLL
354;354;;MERCEDES;ECITARO 18M;;ECITARO 18M;Articulé;true;18;0;0;0;2024-06-05;true;4;;2;Leds;3;4;3;NC;NC;;275/70 R22.5;NC;;;;4;;;RENNES;KREN
3544;3544;;IVECO;CROSSWAY;;CROSSWAY;;false;0;0;0;0;2024-11-01;false;;;;Leds;;;1;;;;;;NC;;;;;;STJACQUE;JOLL
3548;3548;;IVECO;CROSSWAY;;CROSSWAY;;false;0;0;0;0;2024-11-01;false;;;;;;;;;;;;;;;;;;;STJACQUE;JOLL
356;356;;MERCEDES;ECITARO 18M;;ECITARO 18M;Articulé;true;18;0;0;0;2024-05-24;true;4;;2;Leds;3;4;3;NC;NC;;275/70 R22.5;NC;;;;4;;;RENNES;KREN
357;357;;MERCEDES;ECITARO 18M;;ECITARO 18M;Articulé;true;18;0;0;0;2024-05-24;true;4;;2;Leds;3;4;3;NC;NC;;275/70 R22.5;NC;;;;4;;;RENNES;KREN
370;370;;MERCEDES;ECITARO 18M;;ECITARO 18M;Articulé;true;18;0;0;0;2024-11-19;true;4;;2;Leds;3;4;3;NC;NC;;275/70 R22.5;NC;;;;4;;;RENNES;KREN
380;380;;MERCEDES;ECITARO 18M;;ECITARO 18M;Articulé;true;18;0;0;0;2025-03-07;true;4;;2;Leds;3;4;3;NC;NC;;275/70 R22.5;NC;;;;4;;;RENNES;KREN
4002;4002;;MAN;LIONS CITY;B.2018.858.00312C18BZZZAX6AAH8BBJ;LIONS CITY;;false;0;41;0;41;2023-11-23;true;2;;2;leds;3;3;3;EURO 6;;;;;;;;2;;;CHANTEPI;TIV
4004;4004;;MAN;LIONS CITY;B.2018.585.00312C18BZZZZAX6AAH8BBJ;LIONS CITY;;false;0;41;0;41;2023-11-23;true;2;;2;;3;3;3;EURO 6;;;;;;;;2;;;CHANTEPI;TIV
4014;4014;;MERCEDES;CITARO STD;;CITARO STD;;false;0;;;;2016-03-24;true;2;;2;;3;3;3;EURO 6;;;;;;;;2;;;CHANTEPI;TIV
4015;4015;;HEULIEZ;GX317 STD;;GX317 STD;;false;0;0;0;0;;false;2;;0;Leds;3;3;2;;;;;;;;;2;;;CHANTEPI;TIV
4027;4027;;MERCEDES;CITARO STD;;CITARO STD;;false;0;49;;;2011-08-02;true;2;;2;Leds;3;3;3;;;;;;;;;2;;;CHANTEPI;TIV
4035;4035;;IVECO;URBANWAY;PSECGTBUJ;URBANWAY;;false;0;0;0;0;2024-12-27;true;2;;2;Leds;3;3;3;;;;;;;;;3;;;CHANTEPI;TIV
442;442;;MERCEDES;ECITARO 12M;;ECITARO 12M;Standard;true;12;0;0;0;2023-11-28;true;2;;2;;3;3;3;NC;;;275/70 R22.5;NC;;;;3;;;RENNES;KREN
4502;4502;;RENAULT;RECREO CAR;;RECREO CAR;;false;0;;;;;false;0;;0;;;;1;;;;;;;;;2;;;CHANTEPI;TIV
4504;4504;;IRISBUS;RECREO;;RECREO;;false;0;;;;;false;0;;0;;;;1;;;;;;;;;2;;;CHANTEPI;TIV
4508;4508;;IRISBUS;RECREO;;RECREO;;false;0;0;0;0;;false;;;;;;;1;;;;;;;;;;;;CHANTEPI;TIV
451;451;;MERCEDES;ECITARO 12M;;ECITARO 12M;Standard;true;12;38;0;38;2023-03-16;true;2;;2;Leds;3;3;3;NC;;;275/70 R22.5;;;;;3;;;RENNES;KREN
4515;4515;;IVECO;CROSSWAY;;CROSSWAY;;false;0;0;0;0;;false;;;;;;;;;;;;;;;;;;;CHANTEPI;TIV
456;456;;MERCEDES;ECITARO 12M;;ECITARO 12M;Standard;true;12;0;0;0;2023-11-06;true;2;;2;Leds;3;3;3;NC;NC;;275/70 R22.5;NC;;;;3;;;RENNES;KREN
460;460;;MERCEDES;ECITARO 12M;;ECITARO 12M;Standard;true;12;0;0;0;2024-05-03;true;2;;2;Leds;3;3;3;NC;NC;;275/70 R22.5;NC;;;;3;;;RENNES;KREN
475;475;;MERCEDES;ECITARO 12M;;ECITARO 12M;Standard;true;12;0;0;0;2025-03-07;true;2;;2;Leds;3;3;3;NC;NC;;275/70 R22.5;NC;;;;3;;;RENNES;KREN
500;500;;BLUEBUS;BLUEBUS ART;BB18;BLUEBUS ART;Articulé;true;18;44;85;129;2020-07-23;true;2;0;2;Leds;4;4;3;NC;NC;1J;;NC;NC;NC;Vénus gris;3;Pneumatique;Coulissante électrique;RENNES;KREN
5005;5005;;SETRA;415 NF;;415 NF;;false;0;0;0;0;;true;2;;1;NC;0;3;3;;;;;;;;;2;;;CHARTRES;LINE
5008;5008;;SETRA;415 NF;;415 NF;;false;0;0;0;0;;true;2;;1;NC;0;3;3;;;;;;;;;2;;;CHARTRES;LINE
5015;5015;;MAN;Lions City;;Lions City;;false;0;;;;;true;2;;2;leds;3;3;3;;;;;;;;;2;;;CHARTRES;LINE
5017;5017;;MAN;Lions City;;Lions City;;false;0;0;0;0;;true;2;;2;Leds;3;3;3;EURO 6;;;;;;;;2;;;CHARTRES;LINE
5018;5018;;MAN;Lions City;;Lions City;;false;0;0;0;0;;true;2;;2;Leds;3;3;3;EURO 6;;;;;;;;2;;;CHARTRES;LINE
5019;5019;;MAN;Lions City;;Lions City;;false;0;0;0;0;;true;2;;2;Leds;3;3;3;EURO 6;;;;;;;;2;;;CHARTRES;LINE
5020;5020;;MAN;Lions City;;Lions City;;false;0;0;0;0;;true;2;;2;;3;3;3;EURO 6;;;;;;;;2;;;CHARTRES;LINE
5510;5510;;;;;;;false;0;;;;;false;;;0;;;;1;;;;;;;;;2;;;CHARTRES;LINE
5514;5514;;SCANIA;FENCER;;FENCER;;false;0;0;0;0;;false;;;;;;;;;;;;;;;;;;;CHARTRES;LINE
5526;5526;;SCANIA;FENCER;;FENCER;;false;0;0;0;0;;false;;;;;;;;;;;;;;;;;;;CHARTRES;LINE
5530;5530;;SCANIA;FENCER;;FENCER;;false;0;0;0;0;;false;;;;;;;;;;;;;;;;;;;CHARTRES;LINE
5535;5535;;SCANIA;FENCER;;FENCER;;false;0;0;0;0;2024-01-01;false;;;;;;;;;;;;;;;;;;;CHARTRES;LINE
6003;6003;;IRISBUS;CITELIS STD;;CITELIS STD;;false;0;36;60;96;2008-02-12;true;2;;1;Leds;3;3;3;;;;;;;;;2;;;MONTGERM;KARM
6008;6008;;SETRA;315NF STD;;315NF STD;;false;0;0;0;0;;false;2;;2;Leds;3;3;3;;;;;;;;;2;;;MONTGERM;KARM
6013;6013;;SETRA;315NF STD;;315NF STD;;false;0;36;79;115;2001-10-02;true;2;;1;Pastilles;3;3;3;;;;;;;;;2;;;MONTGERM;KARM
6015;6015;;SETRA;315NF STD;;315NF STD;;false;0;36;79;115;2001-10-02;true;2;;1;Pastilles;3;3;3;;;;;;;;;2;;;MONTGERM;KARM
6033;6033;;IVECO;URBANWAY;;URBANWAY;;false;0;0;0;0;2020-01-01;true;2;;1;Leds;3;3;3;;;;;;;;;2;;;CHANTEPI;KARM
6034;6034;;IVECO;URBANWAY;;URBANWAY;;false;0;0;0;0;2023-07-31;true;2;;1;Leds;3;3;3;;;;;;;;;2;;;CHANTEPI;KARM
6035;6035;;IVECO;URBANWAY;;URBANWAY;;false;0;0;0;0;2020-01-01;true;2;;1;Leds;3;3;3;;;;;;;;;2;;;CHANTEPI;KARM
6036;6036;;IVECO;URBANWAY;;URBANWAY;;false;0;0;0;0;2023-07-31;true;2;;1;Leds;3;3;3;;;;;;;;;2;;;CHANTEPI;KARM
6037;6037;;IVECO;URBANWAY;;URBANWAY;;false;0;0;0;0;2023-07-31;true;2;;1;Leds;3;3;3;;;;;;;;;2;;;CHANTEPI;KARM
607;607;;MERCEDES;CITARO 13M;530 M 906;CITARO 13M;Standard;true;13;39;64;103;2010-04-13;true;2;800;2;Leds;3;3;3;EURO 5;ADBLUE;1K;275/70 R22.5;ZF 6HP502 Ecomat 2 plus;OM 906HLA / Euro 5;ZF AV 132;Vénus gris;2;Pneumatique;Coulissante électrique;RENNES;KREN
610;610;;MERCEDES;CITARO 13M;62802ABCEFBGSQ3H320316402JB00;CITARO 13M;Standard;true;13;49;64;113;2011-03-23;true;2;810;2;Leds;3;3;3;EURO 5;ADBLUE;1K;275/70 R22.5;VOITH DIWA5 T2R0 / OM92;OM 906HLA / Euro 5;ZF AV 132;Vénus gris;2;Pneumatique;Coulissante électrique;RENNES;KREN
611;611;;MERCEDES;CITARO 13M;530 M 906;CITARO 13M;Standard;true;13;49;64;113;2011-03-23;true;2;810;2;Leds;3;3;3;EURO 5;ADBLUE;1K;275/70 R22.5;VOITH DIWA5 T2R0 / OM92;OM 906HLA / Euro 5;ZF AV 132;Vénus gris;2;Pneumatique;Coulissante électrique;RENNES;KREN
614;614;;MERCEDES;CITARO 13M;62802ABCEFBGSQ3H320316402JB00;CITARO 13M;Standard;true;13;39;64;103;2011-03-23;true;2;810;2;Leds;3;3;3;EURO 5;ADBLUE;1K;275/70 R22.5;VOITH DIWA5 T2R0 / OM92;OM 906HLA / Euro 5;ZF AV 132;Vénus gris;2;Pneumatique;Coulissante électrique;MIVOIE;KREN
700;700;;MERCEDES;CITARO ART;;CITARO ART;Articulé;true;18;35;119;154;2014-07-31;true;3;429;2;Leds;4;4;3;EURO 6;ADBLUE;1P;275/70 R22.5;ZF Ecolife 6 AP;OM 470 LA / Euro 6;ZF AV 132;Vénus gris;3;Pneumatique;Coulissante électrique;RENNES;KREN
701;701;;MERCEDES;CITARO ART;;CITARO ART;Articulé;true;18;35;119;154;2014-06-26;true;3;429;2;Leds;4;4;3;EURO 6;ADBLUE;1P;275/70 R22.5;ZF Ecolife 6 AP;OM 470 LA / Euro 6;ZF AV 132;Vénus gris;3;Pneumatique;Coulissante électrique;RENNES;KREN
703;703;;MERCEDES;CITARO ART;;CITARO ART;Articulé;true;18;35;119;154;2014-06-26;true;3;429;2;Leds;4;4;3;EURO 6;ADBLUE;1P;275/70 R22.5;ZF Ecolife 6 AP;OM 470 LA / Euro 6;ZF AV 132;Vénus gris;3;Pneumatique;Coulissante électrique;RENNES;KREN
710;710;;MERCEDES;CITARO ART;;CITARO ART;Articulé;true;18;35;119;154;2014-07-31;true;3;429;2;Leds;4;4;3;EURO 6;ADBLUE;1P;275/70 R22.5;ZF Ecolife 6 AP;OM 470 LA / Euro 6;ZF AV 132;Vénus gris;3;Pneumatique;Coulissante électrique;RENNES;KREN
716;716;;MERCEDES;CITARO ART;62803HK1GKEAW13F13X357802JA00;CITARO ART;Articulé;true;18;35;119;154;2015-02-13;true;3;440;2;Leds;4;4;3;EURO 6;ADBLUE;1P;275/70 R22.5;;;;Vénus gris;3;Pneumatique;Coulissante électrique;RENNES;KREN
722;722;;MERCEDES;CITARO ART;62803HK1GKEAW13F13X357802JA00;CITARO ART;Articulé;true;18;35;119;154;2015-02-27;true;3;440;2;Leds;4;4;3;EURO 6;ADBLUE;1P;275/70 R22.5;ZF Ecolife 6 AP;OM 470 LA / Euro 6;ZF AV 132;Vénus gris;3;Pneumatique;Coulissante électrique;RENNES;KREN
723;723;;MERCEDES;CITARO ART;62803HK1GKEAW13F13X357802JA00;CITARO ART;Articulé;true;18;35;119;154;2015-03-03;true;3;440;2;Leds;4;4;3;EURO 6;ADBLUE;1P;275/70 R22.5;ZF Ecolife 6 AP;OM 470 LA / Euro 6;ZF AV 132;Vénus gris;3;Pneumatique;Coulissante électrique;RENNES;KREN
725;725;;MERCEDES;CITARO ART;62803HK1GKEAW13F13X357802JA00;CITARO ART;Articulé;true;18;35;119;154;2015-03-06;true;3;440;2;Leds;4;4;3;EURO 6;ADBLUE;1P;275/70 R22.5;ZF Ecolife 6 AP;OM 470 LA / Euro 6;ZF AV 132;Vénus gris;3;Pneumatique;Coulissante électrique;RENNES;KREN
735;735;;MERCEDES;CITARO ART;62803HK1GKEAW13F13X357802JA00;CITARO ART;Articulé;true;18;35;119;154;2015-03-26;true;3;440;2;Leds;4;4;3;EURO 6;ADBLUE;1P;275/70 R22.5;ZF Ecolife 6 AP;OM 470 LA / Euro 6;ZF AV 132;Vénus gris;3;Pneumatique;Coulissante électrique;RENNES;KREN
736;736;;MERCEDES;CITARO ART;62803HK1GKEBW13F13X357802JA00;CITARO ART;Articulé;true;18;35;119;154;2015-11-06;true;3;440;2;Leds;4;4;3;EURO 6;ADBLUE;;;ZF Ecolife 6 AP;OM 470 LA / Euro 6;ZF AV 132;Vénus gris;3;Pneumatique;Coulissante électrique;RENNES;KREN
740;740;;MERCEDES;CITARO ART;62803HK1GKEBW13F13X357802JA00;CITARO ART;Articulé;true;18;35;119;154;2015-11-13;true;3;440;2;Leds;4;4;3;EURO 6;ADBLUE;1P;;ZF Ecolife 6 AP;OM 470 LA / Euro 6;ZF AV 132;Vénus gris;3;Pneumatique;Coulissante électrique;RENNES;KREN
744;744;;MERCEDES;CITARO ART;62803HK1GKEBW13F13X357802JA00;CITARO ART;Articulé;true;18;35;119;154;2015-11-20;true;3;440;2;Leds;4;4;3;EURO 6;ADBLUE;1P;;ZF Ecolife 6 AP;OM 470 LA / Euro 6;ZF AV 132;Vénus gris;3;Pneumatique;Coulissante électrique;RENNES;KREN
748;748;;MERCEDES;CITARO ART;62803HK1GKEBW13F13X357802JA00;CITARO ART;Articulé;true;18;35;119;154;2015-12-02;true;3;440;2;Leds;4;4;3;EURO 6;ADBLUE;1P;;ZF Ecolife 6 AP;OM 470 LA / Euro 6;ZF AV 132;Vénus gris;3;Pneumatique;Coulissante électrique;RENNES;KREN
7509;7509;;IVECO;CROSSWAY;;CROSSWAY;;false;0;0;0;0;;false;0;;0;NC;0;0;1;NC;NC;NC;NC;NC;NC;NC;NC;2;NC;NC;MESSAC;ORAI
828;828;;IRISBUS;CITELIS ART;PU09D13P;CITELIS ART;Articulé;true;18;38;116;154;2009-02-20;true;3;528;2;Leds;4;4;3;EURO 5;ADBLUE;1P;11 R22.5;ZF 5HP502 C;F2BE0682C / Euro 5;ZF AV 132;Athermique;3;Electrique;Coulissante électrique;RENNES;KREN
907;907;;MERCEDES;CITARO ART;62803ACCGBFGLQ3H33X389702JD00;CITARO ART;Articulé;true;18;39;124;163;2011-03-23;true;3;405;2;Leds;4;4;3;EURO 5;ADBLUE;1P;275/70 R22.5;ZF 6HP592 C Ecomat 2 Plus Kitas;OM 457HLA / Euro 5;ZF AV 132;Vénus gris;3;Pneumatique;Coulissante électrique;MIVOIE;KREN
908;908;;MERCEDES;CITARO ART;62803ACCGBFGLQ3H33X389702JD00;CITARO ART;Articulé;true;18;39;124;163;2011-03-23;true;3;405;2;Leds;4;4;3;EURO 5;ADBLUE;1P;275/70 R22.5;ZF 6HP592 C Ecomat 2 Plus Kitas;OM 457HLA / Euro 5;ZF AV 132;Vénus gris;3;Pneumatique;Coulissante électrique;MIVOIE;KREN
912;912;;MERCEDES;CITARO ART;62803ACCGBFGLQ3H33X389702JD00;CITARO ART;Articulé;true;18;39;124;163;2011-03-23;true;3;405;2;Leds;4;4;3;EURO 5;ADBLUE;1P;275/70 R22.5;ZF 6HP592 C Ecomat 2 Plus Kitas;OM 457HLA / Euro 5;ZF AV 132;Vénus gris;3;Pneumatique;Coulissante électrique;MIVOIE;KREN
913;913;;MERCEDES;CITARO ART;62803ACCGBFGLQ3H33X389702JD00;CITARO ART;Articulé;true;18;39;124;163;2011-03-23;true;3;405;2;Leds;4;4;3;EURO 5;ADBLUE;1P;275/70 R22.5;ZF 6HP592 C Ecomat 2 Plus Kitas;OM 457HLA / Euro 5;ZF AV 132;Vénus gris;3;Pneumatique;Coulissante électrique;MIVOIE;KREN
914;914;;MERCEDES;CITARO ART;62803ACCGBFGLQ3H33X389702JD00;CITARO ART;Articulé;true;18;39;124;163;2011-03-23;true;3;405;2;Leds;4;4;3;EURO 5;ADBLUE;1P;275/70 R22.5;ZF 6HP592 C Ecomat 2 Plus Kitas;OM 457HLA / Euro 5;ZF AV 132;Vénus gris;3;Pneumatique;Coulissante électrique;RENNES;KREN
918;918;;MERCEDES;CITARO ART;62803ACCGBFGLQ3H33X389702JD00;CITARO ART;Articulé;true;18;39;124;163;2011-03-23;true;3;405;2;Leds;4;4;3;EURO 5;ADBLUE;1P;275/70 R22.5;ZF 6HP592 C Ecomat 2 Plus Kitas;OM 457HLA / Euro 5;ZF AV 132;Vénus gris;3;Pneumatique;Coulissante électrique;RENNES;KREN
925;925;;MERCEDES;CITARO ART;62803ACCGBFGVQ3H33X389502J900;CITARO ART;Articulé;true;18;39;124;163;2012-01-13;true;3;405;2;Leds;4;4;3;EURO 5;ADBLUE;1P;275/70 R22.5;ZF 6HP592 C Ecomat 2 Plus Kitas;OM 457HLA / Euro 5;ZF AV 132;Vénus gris;3;Pneumatique;Coulissante électrique;MIVOIE;KREN
926;926;;MERCEDES;CITARO ART;62803ACCGBFGVQ3H33X389502J900;CITARO ART;Articulé;true;18;39;124;163;2012-01-13;true;3;405;2;Leds;4;4;3;EURO 5;ADBLUE;1P;275/70 R22.5;ZF 6HP592 C Ecomat 2 Plus Kitas;OM 457HLA / Euro 5;ZF AV 132;Vénus gris;3;Pneumatique;Coulissante électrique;MIVOIE;KREN
930;930;;MERCEDES;CITARO ART;62803ACCGBFGVQ3H33X389502J900;CITARO ART;Articulé;true;18;39;124;163;2012-01-13;true;3;405;2;Leds;4;4;3;EURO 5;ADBLUE;1P;275/70 R22.5;ZF 6HP592 C Ecomat 2 Plus Kitas;OM 457HLA / Euro 5;ZF AV 132;Vénus gris;3;Pneumatique;Coulissante électrique;MIVOIE;KREN
936;936;;MERCEDES;CITARO ART;;CITARO ART;Articulé;true;18;39;124;163;2013-02-14;true;3;430;2;Leds;4;4;3;EURO 5;ADBLUE;1P;275/70 R22.5;ZF Ecolife 6 AP;OM 457HLA / Euro 5;ZF AV 132;Vénus gris;3;Pneumatique;Coulissante électrique;MIVOIE;KREN
943;943;;MERCEDES;CITARO ART;;CITARO ART;Articulé;true;18;39;124;163;2013-02-14;true;3;430;2;Leds;4;4;3;EURO 5;ADBLUE;1P;275/70 R22.5;ZF Ecolife 6 AP;OM 457HLA / Euro 5;ZF AV 132;Vénus gris;3;Pneumatique;Coulissante électrique;MIVOIE;KREN
945;945;;MERCEDES;CITARO ART;;CITARO ART;Articulé;true;18;39;124;163;2013-02-14;true;3;430;2;Leds;4;4;3;EURO 5;ADBLUE;1P;275/70 R22.5;ZF Ecolife 6 AP;OM 457HLA / Euro 5;ZF AV 132;Vénus gris;3;Pneumatique;Coulissante électrique;MIVOIE;KREN
946;946;;MERCEDES;CITARO ART;;CITARO ART;Articulé;true;18;39;124;163;2013-02-14;true;3;430;2;Leds;4;4;3;EURO 5;ADBLUE;1P;275/70 R22.5;ZF Ecolife 6 AP;OM 457HLA / Euro 5;ZF AV 132;Vénus gris;3;Pneumatique;Coulissante électrique;MIVOIE;KREN
948;948;;MERCEDES;CITARO ART;;CITARO ART;Articulé;true;18;39;124;163;2013-02-14;true;3;430;2;Leds;4;4;3;EURO 5;ADBLUE;1P;275/70 R22.5;ZF Ecolife 6 AP;OM 457HLA / Euro 5;ZF AV 132;Vénus gris;3;Pneumatique;Coulissante électrique;MIVOIE;KREN
953;953;;MERCEDES;CITARO ART;;CITARO ART;Articulé;true;18;39;124;163;2013-02-14;true;3;430;2;Leds;4;4;3;EURO 5;ADBLUE;1P;275/70 R22.5;ZF Ecolife 6 AP;OM 457HLA / Euro 5;ZF AV 132;Vénus gris;3;Pneumatique;Coulissante électrique;MIVOIE;KREN
958;958;;MERCEDES;CITARO ART;;CITARO ART;Articulé;true;18;59;;;2014-06-26;true;3;430;2;Leds;4;4;3;EURO 6;ADBLUE;1P;275/70 R22.5;;;;Vénus gris;3;Pneumatique;Coulissante électrique;RENNES;KREN
962;962;;MERCEDES;CITARO ART;;CITARO ART;Articulé;true;18;59;;;2014-07-31;true;3;430;2;Leds;4;4;3;EURO 6;ADBLUE;1P;275/70 R22.5;;;;Vénus gris;3;Pneumatique;Coulissante électrique;RENNES;KREN
1003;1003;;MERCEDES;CITARO STD;;CITARO STD;Standard;false;12;0;0;0;;true;2;;2;Leds;3;3;3;;;;;;;;;2;;;CHANTEPI;KARM
1031;1031;;MAN;LIONS CITY;;LIONS CITY;Standard;false;12;0;0;0;;true;2;;2;Leds;3;3;3;;;;;;;;;2;;;CHANTEPI;KARM
2004;2004;;MERCEDES;CITARO STD;;CITARO STD;;false;0;;;;2010-04-20;true;2;;2;Leds;3;3;3;;;;;;;;;2;;;MONTGERM;KARM
2011;2011;;SETRA;416NF 13M;;416NF 13M;;false;0;;;;2009-06-17;true;2;;2;Leds;3;3;3;;;;;;;;;2;;;CHANTEPI;KARM
2015;2015;;SETRA;416NF 13M;;416NF 13M;;false;0;;;;2009-06-16;true;2;;2;Leds;3;3;3;;;;;;;;;2;;;MONTGERM;KARM
2016;2016;;SETRA;416NF 13M;;416NF 13M;;false;0;;;;2008-08-25;true;2;;2;Leds;3;3;3;;;;;;;;;2;;;MONTGERM;KARM
2018;2018;;SETRA;416NF 13M;;416NF 13M;;false;0;;;;2008-08-25;true;2;;2;Leds;3;3;3;;;;;;;;;2;;;MONTGERM;KARM
2020;2020;;SETRA;416NF 13M;;416NF 13M;;false;0;;;;2008-08-25;true;2;;2;Leds;3;3;3;;;;;;;;;2;;;MONTGERM;KARM
2022;2022;;SETRA;416NF 13M;;416NF 13M;;false;0;;;;2008-08-22;true;2;;2;Leds;3;3;3;;;;;;;;;2;;;MONTGERM;KARM
2024;2024;;SETRA;315NF STD;;315NF STD;;false;0;;;;2006-06-14;true;2;;1;Leds;3;3;3;;;;;;;;;2;;;CHANTEPI;KARM
2026;2026;;IVECO;URBANWAY;;URBANWAY;;false;0;0;0;0;2022-10-13;true;2;;1;Pastilles;3;3;3;;;;;;;;;2;;;CHANTEPI;KARM
2029;2029;;SETRA;315NF STD;;315NF STD;;false;0;35;73;108;2004-10-07;true;2;;1;Leds;3;3;3;;;;;;;;;2;;;CHANTEPI;KARM
2030;2030;;SETRA;315NF STD;;315NF STD;;false;0;0;0;0;2004-08-27;true;2;;1;Leds;3;3;3;;;;;;;;;2;;;CHANTEPI;KARM
2031;2031;;SETRA;315NF STD;;315NF STD;;false;0;;;;2001-10-04;true;2;;1;Pastilles;3;3;3;;;;;;;;;2;;;CHANTEPI;KARM
2034;2034;;MERCEDES;CITARO STD;;CITARO STD;;false;0;0;0;0;2016-09-09;true;2;;2;Leds;3;3;2;EURO 6;;;;;;;;3;;;CHANTEPI;KARM
2046;2046;;MERCEDES;CITARO STD;;CITARO STD;;false;0;0;0;0;2015-10-21;true;2;;2;;3;3;2;;;;;;;;;2;;;CHANTEPI;KARM
2049;2049;;MERCEDES;CITARO STD;;CITARO STD;;false;0;34;75;109;2012-07-19;true;2;;1;Leds;3;3;3;EURO 5;ADBLUE;;;;;;;2;;;MONTGERM;KARM
2059;2059;;MERCEDES;CITARO STD;;CITARO STD;;false;0;0;0;0;2008-12-17;true;2;;1;;3;3;3;EURO 5;;;;;;;;2;;;CHANTEPI;KARM
2060;2060;;HEULIEZ;GX127;;GX127;;false;0;;;;;true;2;;1;Leds;3;3;3;;;;;;;;;2;;;CHANTEPI;KARM
2061;2061;;MERCEDES;CITARO;;CITARO;;false;0;0;0;0;2017-08-03;true;2;;2;Leds;3;3;3;EURO 6;;;;;;;;3;;;CHANTEPI;KARM
2063;2063;;IRISBUS;CROSSWAY;;CROSSWAY;;false;0;60;0;60;2015-02-23;true;2;;1;;;;3;;;;;;;;;2;;;MONTGERM;KARM
2085;2085;;HEULIEZ;GX437;;GX437;;false;0;0;0;0;2014-02-27;true;3;;2;Leds;3;4;3;EURO 6;ADBLUE;;;;;;;3;;;CHANTEPI;KARM
2086;2086;;HEULIEZ;GX437;;GX437;;false;0;0;0;0;2022-01-01;true;3;;2;;3;4;3;EURO 6;ADBLUE;;;;;;;3;;;CHANTEPI;KARM
219;219;;MERCEDES;CITARO STD;530090926;CITARO STD;Standard;true;12;23;66;89;2008-05-05;true;2;613;2;Leds;3;3;3;EURO 5;ADBLUE;1K;275/70 R22.5;ZF 6HP502 C;OM 926LA / Euro 5;ZF AV 132;Vénus gris;3;Pneumatique;Coulissante électrique;MIVOIE;KREN
232;232;;MERCEDES;CITARO STD;530090926;CITARO STD;Standard;true;12;23;66;89;2009-03-18;true;2;613;2;Leds;3;3;3;EURO 5;ADBLUE;1K;275/70 R22.5;ZF 6HP502 C;OM 926LA / Euro 5;ZF AV 132;Vénus gris;3;Pneumatique;Coulissante électrique;RENNES;KREN
233;233;;MERCEDES;CITARO STD;530090926;CITARO STD;Standard;true;12;23;66;89;2009-03-18;true;2;613;2;Leds;3;3;3;EURO 5;ADBLUE;1K;275/70 R22.5;ZF 6HP502 C;OM 926LA / Euro 5;ZF AV 132;Vénus gris;3;Pneumatique;Coulissante électrique;RENNES;KREN
238;238;;MERCEDES;CITARO STD;530090926;CITARO STD;Standard;true;12;23;66;89;2009-03-18;true;2;613;2;Leds;3;3;3;EURO 5;ADBLUE;1K;275/70 R22.5;ZF 6HP502 C;OM 926LA / Euro 5;ZF AV 132;Vénus gris;3;Pneumatique;Coulissante électrique;MIVOIE;KREN
241;241;;MERCEDES;CITARO STD;530090926;CITARO STD;Standard;true;12;23;66;89;2010-04-13;true;2;613;2;Leds;3;3;3;EURO 5;ADBLUE;1K;275/70 R22.5;VOITH DIWA5 T2R0 / OM92;OM 926LA / Euro 5;ZF AV 132;Vénus gris;3;Pneumatique;Coulissante électrique;MIVOIE;KREN
2506;2506;;IVECO;CROSSWAY;;CROSSWAY;;false;0;0;0;0;2020-01-01;false;;;;;;;;;;;;;;;;;;;CHANTEPI;KARM
2508;2508;;IVECO;CROSSWAY;;CROSSWAY;;false;0;0;0;0;2020-01-01;false;;;;;;;;;;;;;;;;;;;CHANTEPI;KARM
2512;2512;;IVECO;CROSSWAY;;CROSSWAY;;false;0;0;0;0;2024-08-28;false;;;;;;;;;;;;;;;;;;;MONTGERM;KARM
2516;2516;;IVECO;CROSSWAY;;CROSSWAY;;false;0;0;0;0;2024-10-01;false;;;;;;;;;;;;;;;;;;;MONTGERM;KARM
255;255;;MERCEDES;CITARO STD;;CITARO STD;;false;0;44;0;44;2019-08-06;true;2;;2;;3;3;3;EURO 6;ADBLUE;;;;;;;3;;;CHANTEPI;KARM
3008;3008;;SETRA;315NF STD;;315NF STD;;false;0;;;;;true;2;;1;NC;3;3;3;;;;;;;;;2;;;STJACQUE;JOLL
3014;3014;;IRISBUS;CITELIS STD;;CITELIS STD;;false;0;;;;2005-07-27;true;2;;;;;3;2;;;;;;;;;2;;;STJACQUE;JOLL
3017;3017;;IRISBUS;CITELIS STD;;CITELIS STD;;false;0;;;;2006-06-01;true;2;;1;;3;3;3;;;;;;;;;2;;;STJACQUE;JOLL
3019;3019;;IRISBUS;AGORA STD;;AGORA STD;;false;0;;;;2006-06-01;true;2;;;;;3;2;;;;;;;;;2;;;STJACQUE;JOLL
3020;3020;;IRISBUS;AGORA STD;;AGORA STD;;false;0;0;0;0;2015-12-01;true;2;;1;;;3;2;;;;;;;;;2;;;STJACQUE;JOLL
3021;3021;;IRISBUS;AGORA STD;;AGORA STD;;false;0;;;;2006-06-01;true;2;;;;;3;2;;;;;;;;;2;;;STJACQUE;JOLL
341;341;;MERCEDES;ECITARO 18M;;ECITARO 18M;Articulé;true;18;52;0;52;2023-03-16;true;4;;2;Leds;3;4;3;NC;NC;;275/70 R22.5;NC;;;;4;;;RENNES;KREN
349;349;;MERCEDES;ECITARO 18M;;ECITARO 18M;Articulé;true;18;0;0;0;2023-10-16;true;4;;2;Leds;3;4;3;NC;NC;;275/70 R22.5;NC;;;;4;;;RENNES;KREN
350;350;;MERCEDES;ECITARO 18M;;ECITARO 18M;Articulé;true;18;0;0;0;2023-11-28;true;4;;2;Leds;3;4;3;NC;NC;;275/70 R22.5;NC;;;;4;;;RENNES;KREN
3501;3501;;IRISBUS;RECREO;;RECREO;;false;0;0;0;0;;false;0;;0;;;0;1;;;;;;;;;2;;;STJACQUE;JOLL
3503;3503;;IRISBUS;RECREO;;RECREO;;false;0;;;;2006-02-15;false;0;;0;;;;1;;;;;;;;;2;;;STJACQUE;JOLL
3505;3505;;IRISBUS;RECREO;;RECREO;;false;0;0;0;0;;false;0;;0;NC;0;0;1;;;;;;;;;2;;;STJACQUE;JOLL
351;351;;MERCEDES;ECITARO 18M;;ECITARO 18M;Articulé;true;18;0;0;0;2024-07-05;true;4;;2;Leds;3;4;3;NC;NC;;275/70 R22.5;NC;;;;4;;;RENNES;KREN
3515;3515;;IRISBUS;RECREO;;RECREO;;false;0;;;;;false;;;;;;;1;;;;;;;;;2;;;STJACQUE;JOLL
3545;3545;;IVECO;CROSSWAY;;CROSSWAY;;false;0;0;0;0;2024-11-01;false;;;;;;;;;;;;;;;;;;;STJACQUE;JOLL
3547;3547;;IVECO;CROSSWAY;;CROSSWAY;;false;0;0;0;0;2024-11-01;false;;;;;;;;;;;;;;;;;;;STJACQUE;JOLL
364;364;;MERCEDES;ECITARO 18M;;ECITARO 18M;Articulé;true;18;0;0;0;2024-05-24;true;4;;2;Leds;3;4;3;NC;NC;;275/70 R22.5;NC;;;;4;;;RENNES;KREN
371;371;;MERCEDES;ECITARO 18M;;ECITARO 18M;Articulé;true;18;0;0;0;2024-11-19;true;4;;2;Leds;3;4;3;NC;NC;;275/70 R22.5;NC;;;;4;;;RENNES;KREN
372;372;;MERCEDES;ECITARO 18M;;ECITARO 18M;Articulé;true;18;0;0;0;2025-01-16;true;4;;2;Leds;3;4;3;NC;NC;;275/70 R22.5;NC;;;;4;;;RENNES;KREN
377;377;;MERCEDES;ECITARO 18M;;ECITARO 18M;Articulé;true;18;0;0;0;2024-11-19;true;4;;2;Leds;3;4;3;NC;NC;;275/70 R22.5;NC;;;;4;;;RENNES;KREN
378;378;;MERCEDES;ECITARO 18M;;ECITARO 18M;Articulé;true;18;0;0;0;2025-03-24;true;4;;2;Leds;3;4;3;NC;NC;;275/70 R22.5;NC;;;;4;;;RENNES;KREN
381;381;;MERCEDES;ECITARO 18M;;ECITARO 18M;Articulé;true;18;0;0;0;2025-03-24;true;4;;2;Leds;3;4;3;NC;NC;;275/70 R22.5;NC;;;;4;;;RENNES;KREN
382;382;;MERCEDES;ECITARO 18M;;ECITARO 18M;Articulé;true;18;0;0;0;2025-03-07;true;4;;2;Leds;3;4;3;NC;NC;;275/70 R22.5;NC;;;;4;;;RENNES;KREN
387;387;;MERCEDES;ECITARO 18M;;ECITARO 18M;Articulé;true;18;0;0;0;2025-04-18;true;4;;2;;3;4;3;NC;NC;;275/70 R22.5;NC;;;;4;;;RENNES;KREN
4009;4009;;HEULIEZ;GX317 STD;;GX317 STD;;false;0;;;;;true;2;;1;Leds;3;3;2;;;;;;;;;2;;;CHANTEPI;TIV
4017;4017;;MERCEDES;CITARO STD;;CITARO STD;;false;0;;;;2016-03-24;true;2;;2;;3;3;3;EURO 6;;;;;;;;2;;;CHANTEPI;TIV
4018;4018;;MERCEDES;CITARO STD;;CITARO STD;;false;0;;;;;true;2;;2;LEDS;3;3;3;;;;;;;;;2;;;CHANTEPI;TIV
4024;4024;;HEULIEZ;GX317 STD;;GX317 STD;;false;0;29;85;114;2002-03-25;true;2;;1;Leds;3;3;3;;;;;;;;;3;;;CHANTEPI;TIV
4029;4029;;MERCEDES;CITARO STD;;CITARO STD;;false;0;;;;;true;2;;2;Leds;3;3;3;;;;;;;;;2;;;CHANTEPI;TIV
4032;4032;;MAN;LIONS CITY;;LIONS CITY;;false;0;41;85;126;2022-11-04;true;2;;1;Leds;3;3;2;EURO 6;;;;;;;;3;;;CHANTEPI;TIV
4033;4033;;IVECO BUS;URBANWAY;PSECGTSBUJ;URBANWAY;;false;0;0;0;0;2025-12-30;true;2;;1;;;3;3;;;;;;;;;3;;;CHANTEPI;TIV
4036;4036;;IVECO;URBANWAY;PSECGTBUJ;URBANWAY;;false;0;0;0;0;2024-12-27;true;2;;2;Leds;3;3;3;;;;;;;;;3;;;CHANTEPI;TIV
440;440;;MERCEDES;ECITARO 12M;;ECITARO 12M;Standard;true;12;0;0;0;2023-11-07;true;2;;2;Leds;3;3;3;NC;;;275/70 R22.5;NC;;;;3;;;RENNES;KREN
4510;4510;;IVECO;CROSSWAY;;CROSSWAY;;false;0;0;0;0;;false;;;;;;;;;;;;;;;;;;;CHANTEPI;TIV
4513;4513;;IVECO;CROSSWAY;;CROSSWAY;;false;0;0;0;0;2022-10-10;false;;;;;;;;;;;;;;;;;;;CHANTEPI;TIV
4517;4517;;IVECO;CROSSWAY;;CROSSWAY;;false;0;0;0;0;2020-01-01;false;;;;;;;;;;;;;;;;;;;CHANTEPI;TIV
453;453;;MERCEDES;ECITARO 12M;;ECITARO 12M;Standard;true;12;0;0;0;2023-08-21;true;2;;2;Leds;3;3;3;NC;NC;;275/70 R22.5;NC;;;;3;Pneumatique;Coulissante électrique;RENNES;KREN
462;462;;MERCEDES;ECITARO 12M;;ECITARO 12M;Standard;true;12;0;0;0;2024-07-05;true;2;;2;Leds;3;3;3;NC;NC;;275/70 R22.5;NC;;;;3;;;RENNES;KREN
471;471;;MERCEDES;ECITARO 12M;;ECITARO 12M;Standard;true;12;0;0;0;2025-04-18;true;2;;2;Leds;3;3;3;NC;NC;;275/70 R22.5;NC;;;;3;;;RENNES;KREN
472;472;;MERCEDES;ECITARO 12M;;ECITARO 12M;Standard;true;12;0;0;0;2025-01-16;true;2;;2;Leds;3;3;3;NC;NC;;275/70 R22.5;NC;;;;3;;;RENNES;KREN
476;476;;MERCEDES;ECITARO 12M;;ECITARO 12M;Standard;true;12;0;0;0;2025-04-18;true;2;;2;Leds;3;3;3;NC;NC;;275/70 R22.5;NC;;;;3;;;RENNES;KREN
5002;5002;;MAN;Lions City;;Lions City;;false;0;0;0;0;;true;2;;1;NC;0;3;3;;;;;;;;;2;;;CHARTRES;LINE
5003;5003;;SETRA;415 NF;;415 NF;;false;0;0;0;0;;true;2;;1;NC;0;3;3;;;;;;;;;2;;;CHARTRES;LINE
5004;5004;;SETRA;415 NF;;415 NF;;false;0;0;0;0;;true;2;;1;NC;0;3;3;;;;;;;;;2;;;CHARTRES;LINE
5010;5010;;MAN;Lions City;;Lions City;;false;0;;;;;true;2;;2;leds;3;3;3;;;;;;;;;2;;;chantepi;TIV
5016;5016;;MAN;Lions City;;Lions City;;false;0;;;;2006-06-01;true;2;;2;;3;3;3;;;;;;;;;2;;;CHARTRES;LINE
502;502;;BLUEBUS;BLUEBUS 12M;BB12M1S18BBB3NX;BLUEBUS 12M;Standard;true;12;24;0;24;2018-03-06;true;2;250;2;Leds;3;3;3;NC;NC;1J;275/70 R22.5;NC;NC;;Vénus gris;3;Electrique;;RENNES;KREN
503;503;;BLUEBUS;BLUEBUS 12M;BB12M1S18BBB3NX;BLUEBUS 12M;Standard;true;12;24;0;24;2018-07-17;true;2;;2;Leds;3;3;3;NC;NC;1J;275/70 R22.5;NC;NC;NC;Vénus gris;3;Pneumatique;Coulissante électrique;RENNES;KREN
506;506;;BLUEBUS;BLUEBUS 12M;BB12M1S18BBB3NX;BLUEBUS 12M;Standard;true;12;24;0;24;2018-07-18;true;2;;2;Leds;3;3;3;NC;;;;;;;;3;;;RENNES;KREN
507;507;;BLUEBUS;BLUEBUS 12M;;BLUEBUS 12M;Standard;true;12;24;0;24;2018-07-18;true;2;;2;Leds;3;3;3;NC;NC;1J;275/70 R22.5;NC;NC;NC;Vénus gris;3;Pneumatique;Coulissante électrique;RENNES;KREN
5505;5505;;FAST;SCOLER5;;SCOLER5;;false;0;0;0;0;;false;;;;;;;1;;;;;;;;;2;;;CHARTRES;LINE
5515;5515;;SCANIA;FENCER;;FENCER;;false;0;0;0;0;;false;;;;;;;;;;;;;;;;;;;CHARTRES;LINE
5517;5517;;SCANIA;FENCER;;FENCER;;false;0;0;0;0;;false;;;;;;;;;;;;;;;;;;;CHARTRES;LINE
5518;5518;;SCANIA;FENCER;;FENCER;;false;0;0;0;0;;false;;;;;;;;;;;;;;;;;;;CHARTRES;LINE
5521;5521;;SCANIA;FENCER;;FENCER;;false;0;0;0;0;;false;;;;;;;;;;;;;;;;;;;CHARTRES;LINE
5527;5527;;SCANIA;FENCER;;FENCER;;false;0;0;0;0;;false;;;;;;;;;;;;;;;;;;;CHARTRES;LINE
5528;5528;;SCANIA;FENCER;;FENCER;;false;0;0;0;0;;false;;;;;;;;;;;;;;;;;;;CHARTRES;LINE
5533;5533;;SCANIA;FENCER;;FENCER;;false;0;0;0;0;2024-01-01;false;;;;;;;;;;;;;;;;;;;CHARTRES;LINE
5537;5537;;SCANIA;FENCER;;FENCER;;false;0;0;0;0;2024-01-01;false;;;;;;;;;;;;;;;;;;;CHARTRES;LINE
6001;6001;;MERCEDES;CITARO STD;;CITARO STD;;false;0;34;59;93;2010-01-12;true;2;;2;Leds;3;3;3;;;;;;;;;2;;;CHANTEPI;KARM
6004;6004;;IRISBUS;CITELIS STD;;CITELIS STD;;false;0;36;60;96;2008-02-12;true;2;;1;Leds;3;3;3;;;;;;;;;2;;;MONTGERM;KARM
6027;6027;;IVECO;URBANWAY;;URBANWAY;;false;0;0;0;0;2023-07-31;true;2;;1;Leds;3;3;3;;;;;;;;;2;;;CHANTEPI;KARM
6031;6031;;IVECO;URBANWAY;;URBANWAY;;false;0;0;0;0;2023-07-31;true;2;;1;Leds;3;3;3;;;;;;;;;2;;;CHANTEPI;KARM
6032;6032;;IVECO;URBANWAY;;URBANWAY;;false;0;0;0;0;2020-01-01;true;2;;1;Leds;3;3;3;;;;;;;;;2;;;CHANTEPI;KARM
6038;6038;;IVECO;URBANWAY;VNE4426N600314346;URBANWAY;;false;0;0;0;0;2023-07-31;true;2;;1;Leds;3;3;3;;;;;;;;;2;;;CHANTEPI;KARM
605;605;;MERCEDES;CITARO 13M;530 M 906;CITARO 13M;Standard;true;13;39;64;103;2010-04-13;true;2;800;2;Leds;3;3;3;EURO 5;ADBLUE;1K;275/70 R22.5;ZF 6HP502 Ecomat 2 plus;OM 906HLA / Euro 5;ZF AV 132;Vénus gris;2;Pneumatique;Coulissante électrique;RENNES;KREN
702;702;;MERCEDES;CITARO ART;;CITARO ART;Articulé;true;18;35;119;154;2014-07-31;true;3;429;2;Leds;4;4;3;EURO 6;ADBLUE;1P;275/70 R22.5;ZF Ecolife 6 AP;OM 470 LA / Euro 6;ZF AV 132;Vénus gris;3;Pneumatique;Coulissante électrique;RENNES;KREN
726;726;;MERCEDES;CITARO ART;62803HK1GKEAW13F13X357802JA00;CITARO ART;Articulé;true;18;35;119;154;2015-03-11;true;3;440;2;Leds;4;4;3;EURO 6;ADBLUE;1P;275/70 R22.5;ZF Ecolife 6 AP;OM 470 LA / Euro 6;ZF AV 132;Vénus gris;3;Pneumatique;Coulissante électrique;RENNES;KREN
729;729;;MERCEDES;CITARO ART;62803HK1GKEAW13F13X357802JA00;CITARO ART;Articulé;true;18;35;119;154;2015-03-17;true;3;440;2;Leds;4;4;3;EURO 6;ADBLUE;1P;275/70 R22.5;ZF Ecolife 6 AP;OM 470 LA / Euro 6;ZF AV 132;Vénus gris;3;Pneumatique;Coulissante électrique;RENNES;KREN
732;732;;MERCEDES;CITARO ART;62803HK1GKEAW13F13X357802JA00;CITARO ART;Articulé;true;18;35;119;154;2015-03-20;true;3;440;2;Leds;4;4;3;EURO 6;ADBLUE;1P;275/70 R22.5;ZF Ecolife 6 AP;OM 470 LA / Euro 6;ZF AV 132;Vénus gris;3;Pneumatique;Coulissante électrique;RENNES;KREN
733;733;;MERCEDES;CITARO ART;62803HK1GKEAW13F13X357802JA00;CITARO ART;Articulé;true;18;35;119;154;2015-03-24;true;3;440;2;Leds;4;4;3;EURO 6;ADBLUE;1P;275/70 R22.5;ZF Ecolife 6 AP;OM 470 LA / Euro 6;ZF AV 132;Vénus gris;3;Pneumatique;Coulissante électrique;RENNES;KREN
746;746;;MERCEDES;CITARO ART;62803HK1GKEBW13F13X357802JA00;CITARO ART;Articulé;true;18;35;119;154;2015-11-24;true;3;440;2;Leds;4;4;3;EURO 6;ADBLUE;1P;;ZF Ecolife 6 AP;OM 470 LA / Euro 6;ZF AV 132;Vénus gris;3;Pneumatique;Coulissante électrique;RENNES;KREN
750;750;;MERCEDES;CITARO ART;62803HK1GKEBW13F13X357802JA00;CITARO ART;Articulé;true;18;35;119;154;2015-11-27;true;3;440;2;Leds;4;4;3;EURO 6;ADBLUE;1P;;ZF Ecolife 6 AP;OM 470 LA / Euro 6;ZF AV 132;Vénus gris;3;Pneumatique;Coulissante électrique;RENNES;KREN
7501;7501;;IVECO;CROSSWAY;;CROSSWAY;;false;0;0;0;0;;false;0;;0;NC;;0;1;;;;;;;;;2;;;MESSAC;ORAI
7507;7507;;IVECO;CROSSWAY;;CROSSWAY;;false;0;0;0;0;;false;;;;;;;1;;;;;;;;;2;;;MESSAC;ORAI
752;752;;MERCEDES;CITARO ART;62803HK1GKEBW13F13X357802JA00;CITARO ART;Articulé;true;18;35;119;154;2015-12-03;true;3;440;2;Leds;4;4;3;EURO 6;ADBLUE;1P;;ZF Ecolife 6 AP;OM 470 LA / Euro 6;ZF AV 132;Vénus gris;3;Pneumatique;Coulissante électrique;RENNES;KREN
822;822;;IRISBUS;CITELIS ART;PU09D13P;CITELIS ART;Articulé;true;18;38;116;154;2009-02-20;true;3;528;2;Leds;4;4;3;EURO 5;ADBLUE;1P;11 R22.5;ZF 5HP502 C;F2BE0682C / Euro 5;ZF AV 132;Athermique;3;Electrique;Coulissante électrique;RENNES;KREN
825;825;;IRISBUS;CITELIS ART;PU09D13P;CITELIS ART;Articulé;true;18;38;116;154;2009-02-20;true;3;528;2;Leds;4;4;3;EURO 5;ADBLUE;1P;11 R22.5;ZF 5HP502 C;F2BE0682C / Euro 5;ZF AV 132;Athermique;3;Electrique;Coulissante électrique;RENNES;KREN
826;826;;IRISBUS;CITELIS ART;PU09D13P;CITELIS ART;Articulé;true;18;38;116;154;2009-02-20;true;3;528;2;Leds;4;4;3;EURO 5;ADBLUE;1P;11 R22.5;ZF 5HP502 C;F2BE0682C / Euro 5;ZF AV 132;Athermique;3;Electrique;Coulissante électrique;RENNES;KREN
904;904;;MERCEDES;CITARO ART;530283457;CITARO ART;Articulé;true;18;39;124;163;2010-04-13;true;3;405;2;Leds;4;4;3;EURO 5;ADBLUE;1P;275/70 R22.5;ZF 6HP592 C Ecomat 2 Plus Kitas;OM 457HLA / Euro 5;ZF AV 132;Vénus gris;3;Pneumatique;Coulissante électrique;MIVOIE;KREN
909;909;;MERCEDES;CITARO ART;62803ACCGBFGLQ3H33X389702JD00;CITARO ART;Articulé;true;18;39;124;163;2011-03-23;true;3;405;2;Leds;4;4;3;EURO 5;ADBLUE;1P;275/70 R22.5;ZF 6HP592 C Ecomat 2 Plus Kitas;OM 457HLA / Euro 5;ZF AV 132;Vénus gris;3;Pneumatique;Coulissante électrique;MIVOIE;KREN
910;910;;MERCEDES;CITARO ART;62803ACCGBFGLQ3H33X389702JD00;CITARO ART;Articulé;true;18;39;124;163;2011-03-23;true;3;405;2;Leds;4;4;3;EURO 5;ADBLUE;1P;275/70 R22.5;ZF 6HP592 C Ecomat 2 Plus Kitas;OM 457HLA / Euro 5;ZF AV 132;Vénus gris;3;Pneumatique;Coulissante électrique;MIVOIE;KREN
915;915;;MERCEDES;CITARO ART;62803ACCGBFGLQ3H33X389702JD00;CITARO ART;Articulé;true;18;39;124;163;2011-03-23;true;3;405;2;Leds;4;4;3;EURO 5;ADBLUE;1P;275/70 R22.5;ZF 6HP592 C Ecomat 2 Plus Kitas;OM 457HLA / Euro 5;ZF AV 132;Vénus gris;3;Pneumatique;Coulissante électrique;RENNES;KREN
924;924;;MERCEDES;CITARO ART;62803ACCGBFGVQ3H33X389502J900;CITARO ART;Articulé;true;18;39;124;163;2012-01-13;true;3;405;2;Leds;4;4;3;EURO 5;ADBLUE;1P;275/70 R22.5;ZF 6HP592 C Ecomat 2 Plus Kitas;OM 457HLA / Euro 5;ZF AV 132;Vénus gris;3;Pneumatique;Coulissante électrique;MIVOIE;KREN
935;935;;MERCEDES;CITARO ART;;CITARO ART;Articulé;true;18;39;124;163;2013-02-14;true;3;430;2;Leds;4;4;3;EURO 5;ADBLUE;1P;275/70 R22.5;ZF Ecolife 6 AP;OM 457HLA / Euro 5;ZF AV 132;Vénus gris;3;Pneumatique;Coulissante électrique;MIVOIE;KREN
937;937;;MERCEDES;CITARO ART;;CITARO ART;Articulé;true;18;39;124;163;2013-02-14;true;3;430;2;Leds;4;4;3;EURO 5;ADBLUE;1P;275/70 R22.5;ZF Ecolife 6 AP;OM 457HLA / Euro 5;ZF AV 132;Vénus gris;3;Pneumatique;Coulissante électrique;MIVOIE;KREN
944;944;;MERCEDES;CITARO ART;;CITARO ART;Articulé;true;18;39;124;163;2013-02-14;true;3;430;2;Leds;4;4;3;EURO 5;ADBLUE;1P;275/70 R22.5;ZF Ecolife 6 AP;OM 457HLA / Euro 5;ZF AV 132;Vénus gris;3;Pneumatique;Coulissante électrique;MIVOIE;KREN
951;951;;MERCEDES;CITARO ART;;CITARO ART;Articulé;true;18;39;124;163;2013-02-14;true;3;430;2;Leds;4;4;3;EURO 5;ADBLUE;1P;275/70 R22.5;ZF Ecolife 6 AP;OM 457HLA / Euro 5;ZF AV 132;Vénus gris;3;Pneumatique;Coulissante électrique;MIVOIE;KREN
